{"woeid":"23424977","the_date":"20140422","sdoid":"1","as_of":"2014-04-22T16:01:01","title":"David Moyes","url":"http://twitter.com/search?q=%22David+Moyes%22","timestamp":"2014-04-22 16:01:02 +0000"}
{"woeid":"23424977","the_date":"20140422","sdoid":"1","as_of":"2014-04-22T16:01:01","title":"#NationalSendYourManNudesDay","url":"http://twitter.com/search?q=%23NationalSendYourManNudesDay","timestamp":"2014-04-22 16:01:02 +0000"}
{"woeid":"23424977","the_date":"20140422","sdoid":"1","as_of":"2014-04-22T16:01:01","title":"#HappyEarthDay","url":"http://twitter.com/search?q=%23HappyEarthDay","timestamp":"2014-04-22 16:01:02 +0000"}
{"woeid":"23424977","the_date":"20140422","sdoid":"1","as_of":"2014-04-22T16:01:01","title":"#MustHaveBeenHigh","url":"http://twitter.com/search?q=%23MustHaveBeenHigh","timestamp":"2014-04-22 16:01:02 +0000"}
{"woeid":"23424977","the_date":"20140422","sdoid":"1","as_of":"2014-04-22T16:01:01","title":"#TakeMeToTheKing","url":"http://twitter.com/search?q=%23TakeMeToTheKing","timestamp":"2014-04-22 16:01:02 +0000"}
{"woeid":"23424977","the_date":"20140422","sdoid":"1","as_of":"2014-04-22T16:01:01","title":"#KXIPvsSRH","url":"http://twitter.com/search?q=%23KXIPvsSRH","timestamp":"2014-04-22 16:01:02 +0000"}
{"woeid":"23424977","the_date":"20140422","sdoid":"1","as_of":"2014-04-22T16:01:01","title":"RIP Pat Tillman","url":"http://twitter.com/search?q=%22RIP+Pat+Tillman%22","timestamp":"2014-04-22 16:01:02 +0000"}
{"woeid":"23424977","the_date":"20140422","sdoid":"1","as_of":"2014-04-22T16:01:01","title":"Tamela Mann","url":"http://twitter.com/search?q=%22Tamela+Mann%22","timestamp":"2014-04-22 16:01:02 +0000"}
{"woeid":"23424977","the_date":"20140422","sdoid":"1","as_of":"2014-04-22T16:01:01","title":"Matt Cooke","url":"http://twitter.com/search?q=%22Matt+Cooke%22","timestamp":"2014-04-22 16:01:02 +0000"}
{"woeid":"23424977","the_date":"20140422","sdoid":"1","as_of":"2014-04-22T16:01:01","title":"Brett Favre","url":"http://twitter.com/search?q=%22Brett+Favre%22","timestamp":"2014-04-22 16:01:02 +0000"}
{"woeid":"23424747","the_date":"20140422","sdoid":"1","as_of":"2014-04-22T16:01:59","title":"#HolaSoy","url":"http://twitter.com/search?q=%23HolaSoy","timestamp":"2014-04-22 16:02:00 +0000"}
{"woeid":"23424747","the_date":"20140422","sdoid":"1","as_of":"2014-04-22T16:01:59","title":"#NoMeVaQue","url":"http://twitter.com/search?q=%23NoMeVaQue","timestamp":"2014-04-22 16:02:00 +0000"}
{"woeid":"23424747","the_date":"20140422","sdoid":"1","as_of":"2014-04-22T16:01:59","title":"#InviernoTibioSLB","url":"http://twitter.com/search?q=%23InviernoTibioSLB","timestamp":"2014-04-22 16:02:00 +0000"}
{"woeid":"23424747","the_date":"20140422","sdoid":"1","as_of":"2014-04-22T16:01:59","title":"#SoyElUnicoQue","url":"http://twitter.com/search?q=%23SoyElUnicoQue","timestamp":"2014-04-22 16:02:00 +0000"}
{"woeid":"23424747","the_date":"20140422","sdoid":"1","as_of":"2014-04-22T16:01:59","title":"#VuelveAntesQueElRojo","url":"http://twitter.com/search?q=%23VuelveAntesQueElRojo","timestamp":"2014-04-22 16:02:00 +0000"}
{"woeid":"23424747","the_date":"20140422","sdoid":"1","as_of":"2014-04-22T16:01:59","title":"Ryan Giggs","url":"http://twitter.com/search?q=%22Ryan+Giggs%22","timestamp":"2014-04-22 16:02:00 +0000"}
{"woeid":"23424747","the_date":"20140422","sdoid":"1","as_of":"2014-04-22T16:01:59","title":"Tierra","url":"http://twitter.com/search?q=Tierra","timestamp":"2014-04-22 16:02:00 +0000"}
{"woeid":"23424747","the_date":"20140422","sdoid":"1","as_of":"2014-04-22T16:01:59","title":"Tarzan","url":"http://twitter.com/search?q=Tarzan","timestamp":"2014-04-22 16:02:00 +0000"}
{"woeid":"23424747","the_date":"20140422","sdoid":"1","as_of":"2014-04-22T16:01:59","title":"UNEN","url":"http://twitter.com/search?q=UNEN","timestamp":"2014-04-22 16:02:00 +0000"}
{"woeid":"23424747","the_date":"20140422","sdoid":"1","as_of":"2014-04-22T16:01:59","title":"Wilde","url":"http://twitter.com/search?q=Wilde","timestamp":"2014-04-22 16:02:00 +0000"}
{"woeid":"23424768","the_date":"20140422","sdoid":"1","as_of":"2014-04-22T16:05:52","title":"#TirulipoDay","url":"http://twitter.com/search?q=%23TirulipoDay","timestamp":"2014-04-22 16:05:53 +0000"}
{"woeid":"23424768","the_date":"20140422","sdoid":"1","as_of":"2014-04-22T16:05:52","title":"#AlwaysWithYouSelena","url":"http://twitter.com/search?q=%23AlwaysWithYouSelena","timestamp":"2014-04-22 16:05:53 +0000"}
{"woeid":"23424768","the_date":"20140422","sdoid":"1","as_of":"2014-04-22T16:05:52","title":"#CafajesteEMendigosRetribuemQuemSeguir","url":"http://twitter.com/search?q=%23CafajesteEMendigosRetribuemQuemSeguir","timestamp":"2014-04-22 16:05:53 +0000"}
{"woeid":"23424768","the_date":"20140422","sdoid":"1","as_of":"2014-04-22T16:05:52","title":"#MeuSorrisoÉPorVoceCaiqueGama","url":"http://twitter.com/search?q=%23MeuSorriso%C3%89PorVoceCaiqueGama","timestamp":"2014-04-22 16:05:53 +0000"}
{"woeid":"23424768","the_date":"20140422","sdoid":"1","as_of":"2014-04-22T16:05:52","title":"#TodosQueremClanessaNaPlayboy","url":"http://twitter.com/search?q=%23TodosQueremClanessaNaPlayboy","timestamp":"2014-04-22 16:05:53 +0000"}
{"woeid":"23424768","the_date":"20140422","sdoid":"1","as_of":"2014-04-22T16:05:52","title":"Hello Kitty","url":"http://twitter.com/search?q=%22Hello+Kitty%22","timestamp":"2014-04-22 16:05:53 +0000"}
{"woeid":"23424768","the_date":"20140422","sdoid":"1","as_of":"2014-04-22T16:05:52","title":"Os Travessos","url":"http://twitter.com/search?q=%22Os+Travessos%22","timestamp":"2014-04-22 16:05:53 +0000"}
{"woeid":"23424768","the_date":"20140422","sdoid":"1","as_of":"2014-04-22T16:05:52","title":"Mc Gui","url":"http://twitter.com/search?q=%22Mc+Gui%22","timestamp":"2014-04-22 16:05:53 +0000"}
{"woeid":"23424768","the_date":"20140422","sdoid":"1","as_of":"2014-04-22T16:05:52","title":"Sophia","url":"http://twitter.com/search?q=Sophia","timestamp":"2014-04-22 16:05:53 +0000"}
{"woeid":"23424768","the_date":"20140422","sdoid":"1","as_of":"2014-04-22T16:05:52","title":"Kardec","url":"http://twitter.com/search?q=Kardec","timestamp":"2014-04-22 16:05:53 +0000"}
{"woeid":"23424775","the_date":"20140422","sdoid":"1","as_of":"2014-04-22T16:06:50","title":"David Moyes","url":"http://twitter.com/search?q=%22David+Moyes%22","timestamp":"2014-04-22 16:06:51 +0000"}
{"woeid":"23424775","the_date":"20140422","sdoid":"1","as_of":"2014-04-22T16:06:50","title":"Happy Earth Day","url":"http://twitter.com/search?q=%22Happy+Earth+Day%22","timestamp":"2014-04-22 16:06:51 +0000"}
{"woeid":"23424775","the_date":"20140422","sdoid":"1","as_of":"2014-04-22T16:06:50","title":"Matt Cooke","url":"http://twitter.com/search?q=%22Matt+Cooke%22","timestamp":"2014-04-22 16:06:51 +0000"}
{"woeid":"23424775","the_date":"20140422","sdoid":"1","as_of":"2014-04-22T16:06:50","title":"#MustHaveBeenHigh","url":"http://twitter.com/search?q=%23MustHaveBeenHigh","timestamp":"2014-04-22 16:06:51 +0000"}
{"woeid":"23424775","the_date":"20140422","sdoid":"1","as_of":"2014-04-22T16:06:50","title":"Herb Gray","url":"http://twitter.com/search?q=%22Herb+Gray%22","timestamp":"2014-04-22 16:06:51 +0000"}
{"woeid":"23424775","the_date":"20140422","sdoid":"1","as_of":"2014-04-22T16:06:50","title":"TCHC","url":"http://twitter.com/search?q=TCHC","timestamp":"2014-04-22 16:06:51 +0000"}
{"woeid":"23424775","the_date":"20140422","sdoid":"1","as_of":"2014-04-22T16:06:50","title":"#ACGoFar","url":"http://twitter.com/search?q=%23ACGoFar","timestamp":"2014-04-22 16:06:51 +0000"}
{"woeid":"23424775","the_date":"20140422","sdoid":"1","as_of":"2014-04-22T16:06:50","title":"#Toronto","url":"http://twitter.com/search?q=%23Toronto","timestamp":"2014-04-22 16:06:51 +0000"}
{"woeid":"23424775","the_date":"20140422","sdoid":"1","as_of":"2014-04-22T16:06:50","title":"Canada","url":"http://twitter.com/search?q=Canada","timestamp":"2014-04-22 16:06:51 +0000"}
{"woeid":"23424775","the_date":"20140422","sdoid":"1","as_of":"2014-04-22T16:06:50","title":"#BostonMarathon","url":"http://twitter.com/search?q=%23BostonMarathon","timestamp":"2014-04-22 16:06:51 +0000"}
{"woeid":"23424787","the_date":"20140422","sdoid":"1","as_of":"2014-04-22T16:07:48","title":"#ParaCuandoUstedYYo","url":"http://twitter.com/search?q=%23ParaCuandoUstedYYo","timestamp":"2014-04-22 16:07:49 +0000"}
{"woeid":"23424787","the_date":"20140422","sdoid":"1","as_of":"2014-04-22T16:07:48","title":"#SinOfender","url":"http://twitter.com/search?q=%23SinOfender","timestamp":"2014-04-22 16:07:49 +0000"}
{"woeid":"23424787","the_date":"20140422","sdoid":"1","as_of":"2014-04-22T16:07:48","title":"#DiadelaTierra","url":"http://twitter.com/search?q=%23DiadelaTierra","timestamp":"2014-04-22 16:07:49 +0000"}
{"woeid":"23424787","the_date":"20140422","sdoid":"1","as_of":"2014-04-22T16:07:48","title":"#infielesenelcartel","url":"http://twitter.com/search?q=%23infielesenelcartel","timestamp":"2014-04-22 16:07:49 +0000"}
{"woeid":"23424787","the_date":"20140422","sdoid":"1","as_of":"2014-04-22T16:07:48","title":"#miprimerautografo","url":"http://twitter.com/search?q=%23miprimerautografo","timestamp":"2014-04-22 16:07:49 +0000"}
{"woeid":"23424787","the_date":"20140422","sdoid":"1","as_of":"2014-04-22T16:07:48","title":"Ryan Giggs","url":"http://twitter.com/search?q=%22Ryan+Giggs%22","timestamp":"2014-04-22 16:07:49 +0000"}
{"woeid":"23424787","the_date":"20140422","sdoid":"1","as_of":"2014-04-22T16:07:48","title":"Rin Rin Renacuajo","url":"http://twitter.com/search?q=%22Rin+Rin+Renacuajo%22","timestamp":"2014-04-22 16:07:49 +0000"}
{"woeid":"23424787","the_date":"20140422","sdoid":"1","as_of":"2014-04-22T16:07:48","title":"Tierra","url":"http://twitter.com/search?q=Tierra","timestamp":"2014-04-22 16:07:49 +0000"}
{"woeid":"23424787","the_date":"20140422","sdoid":"1","as_of":"2014-04-22T16:07:48","title":"Wendy Sulca","url":"http://twitter.com/search?q=%22Wendy+Sulca%22","timestamp":"2014-04-22 16:07:49 +0000"}
{"woeid":"23424787","the_date":"20140422","sdoid":"1","as_of":"2014-04-22T16:07:48","title":"Colombia","url":"http://twitter.com/search?q=Colombia","timestamp":"2014-04-22 16:07:49 +0000"}
{"woeid":"23424782","the_date":"20140422","sdoid":"1","as_of":"2014-04-22T16:08:46","title":"#LaLuchaDePanchoSaavedra","url":"http://twitter.com/search?q=%23LaLuchaDePanchoSaavedra","timestamp":"2014-04-22 16:08:47 +0000"}
{"woeid":"23424782","the_date":"20140422","sdoid":"1","as_of":"2014-04-22T16:08:46","title":"#FrasesDeDM","url":"http://twitter.com/search?q=%23FrasesDeDM","timestamp":"2014-04-22 16:08:47 +0000"}
{"woeid":"23424782","the_date":"20140422","sdoid":"1","as_of":"2014-04-22T16:08:46","title":"#NoMePierdoGeneracionesC","url":"http://twitter.com/search?q=%23NoMePierdoGeneracionesC","timestamp":"2014-04-22 16:08:47 +0000"}
{"woeid":"23424782","the_date":"20140422","sdoid":"1","as_of":"2014-04-22T16:08:46","title":"#NombresParaElChiquitin","url":"http://twitter.com/search?q=%23NombresParaElChiquitin","timestamp":"2014-04-22 16:08:47 +0000"}
{"woeid":"23424782","the_date":"20140422","sdoid":"1","as_of":"2014-04-22T16:08:46","title":"#FariasLaHizoMV","url":"http://twitter.com/search?q=%23FariasLaHizoMV","timestamp":"2014-04-22 16:08:47 +0000"}
{"woeid":"23424782","the_date":"20140422","sdoid":"1","as_of":"2014-04-22T16:08:46","title":"Tonka","url":"http://twitter.com/search?q=Tonka","timestamp":"2014-04-22 16:08:47 +0000"}
{"woeid":"23424782","the_date":"20140422","sdoid":"1","as_of":"2014-04-22T16:08:46","title":"Roberto Farías","url":"http://twitter.com/search?q=%22Roberto+Far%C3%ADas%22","timestamp":"2014-04-22 16:08:47 +0000"}
{"woeid":"23424782","the_date":"20140422","sdoid":"1","as_of":"2014-04-22T16:08:46","title":"Pablo Herrera","url":"http://twitter.com/search?q=%22Pablo+Herrera%22","timestamp":"2014-04-22 16:08:47 +0000"}
{"woeid":"23424782","the_date":"20140422","sdoid":"1","as_of":"2014-04-22T16:08:46","title":"William Campbell","url":"http://twitter.com/search?q=%22William+Campbell%22","timestamp":"2014-04-22 16:08:47 +0000"}
{"woeid":"23424782","the_date":"20140422","sdoid":"1","as_of":"2014-04-22T16:08:46","title":"Tierra","url":"http://twitter.com/search?q=Tierra","timestamp":"2014-04-22 16:08:47 +0000"}
{"woeid":"23424796","the_date":"20140422","sdoid":"1","as_of":"2014-04-22T16:09:44","title":"Superligaen","url":"http://twitter.com/search?q=Superligaen","timestamp":"2014-04-22 16:09:45 +0000"}
{"woeid":"23424796","the_date":"20140422","sdoid":"1","as_of":"2014-04-22T16:09:44","title":"Van Gaal","url":"http://twitter.com/search?q=%22Van+Gaal%22","timestamp":"2014-04-22 16:09:45 +0000"}
{"woeid":"23424796","the_date":"20140422","sdoid":"1","as_of":"2014-04-22T16:09:44","title":"#TSMWIN","url":"http://twitter.com/search?q=%23TSMWIN","timestamp":"2014-04-22 16:09:45 +0000"}
{"woeid":"23424796","the_date":"20140422","sdoid":"1","as_of":"2014-04-22T16:09:44","title":"#pldk","url":"http://twitter.com/search?q=%23pldk","timestamp":"2014-04-22 16:09:45 +0000"}
{"woeid":"23424796","the_date":"20140422","sdoid":"1","as_of":"2014-04-22T16:09:44","title":"#hørtoverhækken","url":"http://twitter.com/search?q=%23h%C3%B8rtoverh%C3%A6kken","timestamp":"2014-04-22 16:09:45 +0000"}
{"woeid":"23424796","the_date":"20140422","sdoid":"1","as_of":"2014-04-22T16:09:44","title":"#fckefb","url":"http://twitter.com/search?q=%23fckefb","timestamp":"2014-04-22 16:09:45 +0000"}
{"woeid":"23424796","the_date":"20140422","sdoid":"1","as_of":"2014-04-22T16:09:44","title":"#BigBrotherDK","url":"http://twitter.com/search?q=%23BigBrotherDK","timestamp":"2014-04-22 16:09:45 +0000"}
{"woeid":"23424796","the_date":"20140422","sdoid":"1","as_of":"2014-04-22T16:09:44","title":"Tyskland","url":"http://twitter.com/search?q=Tyskland","timestamp":"2014-04-22 16:09:45 +0000"}
{"woeid":"23424796","the_date":"20140422","sdoid":"1","as_of":"2014-04-22T16:09:44","title":"Happy Easter","url":"http://twitter.com/search?q=%22Happy+Easter%22","timestamp":"2014-04-22 16:09:45 +0000"}
{"woeid":"23424796","the_date":"20140422","sdoid":"1","as_of":"2014-04-22T16:09:44","title":"United","url":"http://twitter.com/search?q=United","timestamp":"2014-04-22 16:09:45 +0000"}
{"woeid":"23424819","the_date":"20140422","sdoid":"1","as_of":"2014-04-22T16:10:42","title":"Moyes","url":"http://twitter.com/search?q=Moyes","timestamp":"2014-04-22 16:10:43 +0000"}
{"woeid":"23424819","the_date":"20140422","sdoid":"1","as_of":"2014-04-22T16:10:42","title":"#InventeUnMiracleQuiVaPasSeRealiser","url":"http://twitter.com/search?q=%23InventeUnMiracleQuiVaPasSeRealiser","timestamp":"2014-04-22 16:10:43 +0000"}
{"woeid":"23424819","the_date":"20140422","sdoid":"1","as_of":"2014-04-22T16:10:42","title":"#RIPCameronDiaz","url":"http://twitter.com/search?q=%23RIPCameronDiaz","timestamp":"2014-04-22 16:10:43 +0000"}
{"woeid":"23424819","the_date":"20140422","sdoid":"1","as_of":"2014-04-22T16:10:42","title":"#TuTesRetrouverEnGavCommeRohff","url":"http://twitter.com/search?q=%23TuTesRetrouverEnGavCommeRohff","timestamp":"2014-04-22 16:10:43 +0000"}
{"woeid":"23424819","the_date":"20140422","sdoid":"1","as_of":"2014-04-22T16:10:42","title":"#AlwaysWithYouSelena","url":"http://twitter.com/search?q=%23AlwaysWithYouSelena","timestamp":"2014-04-22 16:10:43 +0000"}
{"woeid":"23424819","the_date":"20140422","sdoid":"1","as_of":"2014-04-22T16:10:42","title":"#NabilluxLaMeilleure","url":"http://twitter.com/search?q=%23NabilluxLaMeilleure","timestamp":"2014-04-22 16:10:43 +0000"}
{"woeid":"23424819","the_date":"20140422","sdoid":"1","as_of":"2014-04-22T16:10:42","title":"Josiane","url":"http://twitter.com/search?q=Josiane","timestamp":"2014-04-22 16:10:43 +0000"}
{"woeid":"23424819","the_date":"20140422","sdoid":"1","as_of":"2014-04-22T16:10:42","title":"Aurélie","url":"http://twitter.com/search?q=Aur%C3%A9lie","timestamp":"2014-04-22 16:10:43 +0000"}
{"woeid":"23424819","the_date":"20140422","sdoid":"1","as_of":"2014-04-22T16:10:42","title":"Capucine","url":"http://twitter.com/search?q=Capucine","timestamp":"2014-04-22 16:10:43 +0000"}
{"woeid":"23424819","the_date":"20140422","sdoid":"1","as_of":"2014-04-22T16:10:42","title":"Unkut","url":"http://twitter.com/search?q=Unkut","timestamp":"2014-04-22 16:10:43 +0000"}
{"woeid":"23424802","the_date":"20140422","sdoid":"1","as_of":"2014-04-22T16:11:41","title":"Moyes","url":"http://twitter.com/search?q=Moyes","timestamp":"2014-04-22 16:11:42 +0000"}
{"woeid":"23424802","the_date":"20140422","sdoid":"1","as_of":"2014-04-22T16:11:41","title":"#اللى_مش_بيحبوا_الفسيخ_يعملو_فولو_لبعض","url":"http://twitter.com/search?q=%23%D8%A7%D9%84%D9%84%D9%89_%D9%85%D8%B4_%D8%A8%D9%8A%D8%AD%D8%A8%D9%88%D8%A7_%D8%A7%D9%84%D9%81%D8%B3%D9%8A%D8%AE_%D9%8A%D8%B9%D9%85%D9%84%D9%88_%D9%81%D9%88%D9%84%D9%88_%D9%84%D8%A8%D8%B9%D8%B6","timestamp":"2014-04-22 16:11:42 +0000"}
{"woeid":"23424802","the_date":"20140422","sdoid":"1","as_of":"2014-04-22T16:11:41","title":"#بلاش_شتيمة","url":"http://twitter.com/search?q=%23%D8%A8%D9%84%D8%A7%D8%B4_%D8%B4%D8%AA%D9%8A%D9%85%D8%A9","timestamp":"2014-04-22 16:11:42 +0000"}
{"woeid":"23424802","the_date":"20140422","sdoid":"1","as_of":"2014-04-22T16:11:41","title":"#دخل_كلمة_فسيخ_في_اسم_فيلم","url":"http://twitter.com/search?q=%23%D8%AF%D8%AE%D9%84_%D9%83%D9%84%D9%85%D8%A9_%D9%81%D8%B3%D9%8A%D8%AE_%D9%81%D9%8A_%D8%A7%D8%B3%D9%85_%D9%81%D9%8A%D9%84%D9%85","timestamp":"2014-04-22 16:11:42 +0000"}
{"woeid":"23424802","the_date":"20140422","sdoid":"1","as_of":"2014-04-22T16:11:41","title":"#الزمالك","url":"http://twitter.com/search?q=%23%D8%A7%D9%84%D8%B2%D9%85%D8%A7%D9%84%D9%83","timestamp":"2014-04-22 16:11:42 +0000"}
{"woeid":"23424802","the_date":"20140422","sdoid":"1","as_of":"2014-04-22T16:11:41","title":"#فولورز_زباين_أحمد_يونس_بيعملوا_فولو_لبعض","url":"http://twitter.com/search?q=%23%D9%81%D9%88%D9%84%D9%88%D8%B1%D8%B2_%D8%B2%D8%A8%D8%A7%D9%8A%D9%86_%D8%A3%D8%AD%D9%85%D8%AF_%D9%8A%D9%88%D9%86%D8%B3_%D8%A8%D9%8A%D8%B9%D9%85%D9%84%D9%88%D8%A7_%D9%81%D9%88%D9%84%D9%88_%D9%84%D8%A8%D8%B9%D8%B6","timestamp":"2014-04-22 16:11:42 +0000"}
{"woeid":"23424802","the_date":"20140422","sdoid":"1","as_of":"2014-04-22T16:11:41","title":"Ryan Giggs","url":"http://twitter.com/search?q=%22Ryan+Giggs%22","timestamp":"2014-04-22 16:11:42 +0000"}
{"woeid":"23424802","the_date":"20140422","sdoid":"1","as_of":"2014-04-22T16:11:41","title":"Van Gaal","url":"http://twitter.com/search?q=%22Van+Gaal%22","timestamp":"2014-04-22 16:11:42 +0000"}
{"woeid":"23424802","the_date":"20140422","sdoid":"1","as_of":"2014-04-22T16:11:41","title":"Happy Easter","url":"http://twitter.com/search?q=%22Happy+Easter%22","timestamp":"2014-04-22 16:11:42 +0000"}
{"woeid":"23424802","the_date":"20140422","sdoid":"1","as_of":"2014-04-22T16:11:41","title":"Rana Samaha","url":"http://twitter.com/search?q=%22Rana+Samaha%22","timestamp":"2014-04-22 16:11:42 +0000"}
{"woeid":"23424863","the_date":"20140422","sdoid":"1","as_of":"2014-04-22T16:21:21","title":"#ThingsMoreSuccessfulThanMoyes","url":"http://twitter.com/search?q=%23ThingsMoreSuccessfulThanMoyes","timestamp":"2014-04-22 16:21:22 +0000"}
{"woeid":"23424863","the_date":"20140422","sdoid":"1","as_of":"2014-04-22T16:21:21","title":"#DavidMoyes","url":"http://twitter.com/search?q=%23DavidMoyes","timestamp":"2014-04-22 16:21:22 +0000"}
{"woeid":"23424863","the_date":"20140422","sdoid":"1","as_of":"2014-04-22T16:21:21","title":"Van Gaal","url":"http://twitter.com/search?q=%22Van+Gaal%22","timestamp":"2014-04-22 16:21:22 +0000"}
{"woeid":"23424863","the_date":"20140422","sdoid":"1","as_of":"2014-04-22T16:21:21","title":"#MUFC","url":"http://twitter.com/search?q=%23MUFC","timestamp":"2014-04-22 16:21:22 +0000"}
{"woeid":"23424863","the_date":"20140422","sdoid":"1","as_of":"2014-04-22T16:21:21","title":"Manchester United","url":"http://twitter.com/search?q=%22Manchester+United%22","timestamp":"2014-04-22 16:21:22 +0000"}
{"woeid":"23424863","the_date":"20140422","sdoid":"1","as_of":"2014-04-22T16:21:21","title":"South Sudan","url":"http://twitter.com/search?q=%22South+Sudan%22","timestamp":"2014-04-22 16:21:22 +0000"}
{"woeid":"23424863","the_date":"20140422","sdoid":"1","as_of":"2014-04-22T16:21:21","title":"Wenger","url":"http://twitter.com/search?q=Wenger","timestamp":"2014-04-22 16:21:22 +0000"}
{"woeid":"23424863","the_date":"20140422","sdoid":"1","as_of":"2014-04-22T16:21:21","title":"Top 4","url":"http://twitter.com/search?q=%22Top+4%22","timestamp":"2014-04-22 16:21:22 +0000"}
{"woeid":"23424863","the_date":"20140422","sdoid":"1","as_of":"2014-04-22T16:21:21","title":"West Brom","url":"http://twitter.com/search?q=%22West+Brom%22","timestamp":"2014-04-22 16:21:22 +0000"}
{"woeid":"23424863","the_date":"20140422","sdoid":"1","as_of":"2014-04-22T16:21:21","title":"Ugandan","url":"http://twitter.com/search?q=Ugandan","timestamp":"2014-04-22 16:21:22 +0000"}
{"woeid":"23424901","the_date":"20140422","sdoid":"1","as_of":"2014-04-22T16:22:19","title":"Everton","url":"http://twitter.com/search?q=Everton","timestamp":"2014-04-22 16:22:21 +0000"}
{"woeid":"23424901","the_date":"20140422","sdoid":"1","as_of":"2014-04-22T16:22:19","title":"#ThankYouMoyes","url":"http://twitter.com/search?q=%23ThankYouMoyes","timestamp":"2014-04-22 16:22:21 +0000"}
{"woeid":"23424901","the_date":"20140422","sdoid":"1","as_of":"2014-04-22T16:22:19","title":"Thanks Moyes","url":"http://twitter.com/search?q=%22Thanks+Moyes%22","timestamp":"2014-04-22 16:22:21 +0000"}
{"woeid":"23424901","the_date":"20140422","sdoid":"1","as_of":"2014-04-22T16:22:19","title":"Ryan Giggs","url":"http://twitter.com/search?q=%22Ryan+Giggs%22","timestamp":"2014-04-22 16:22:21 +0000"}
{"woeid":"23424901","the_date":"20140422","sdoid":"1","as_of":"2014-04-22T16:22:19","title":"#BKATC","url":"http://twitter.com/search?q=%23BKATC","timestamp":"2014-04-22 16:22:21 +0000"}
{"woeid":"23424901","the_date":"20140422","sdoid":"1","as_of":"2014-04-22T16:22:19","title":"The Chosen One","url":"http://twitter.com/search?q=%22The+Chosen+One%22","timestamp":"2014-04-22 16:22:21 +0000"}
{"woeid":"23424901","the_date":"20140422","sdoid":"1","as_of":"2014-04-22T16:22:19","title":"#MeleTOP","url":"http://twitter.com/search?q=%23MeleTOP","timestamp":"2014-04-22 16:22:21 +0000"}
{"woeid":"23424901","the_date":"20140422","sdoid":"1","as_of":"2014-04-22T16:22:19","title":"#SaveMoyes","url":"http://twitter.com/search?q=%23SaveMoyes","timestamp":"2014-04-22 16:22:21 +0000"}
{"woeid":"23424901","the_date":"20140422","sdoid":"1","as_of":"2014-04-22T16:22:19","title":"#GGMU","url":"http://twitter.com/search?q=%23GGMU","timestamp":"2014-04-22 16:22:21 +0000"}
{"woeid":"23424901","the_date":"20140422","sdoid":"1","as_of":"2014-04-22T16:22:19","title":"May Allah","url":"http://twitter.com/search?q=%22May+Allah%22","timestamp":"2014-04-22 16:22:21 +0000"}
{"woeid":"23424900","the_date":"20140422","sdoid":"1","as_of":"2014-04-22T16:23:18","title":"David Moyes","url":"http://twitter.com/search?q=%22David+Moyes%22","timestamp":"2014-04-22 16:23:19 +0000"}
{"woeid":"23424900","the_date":"20140422","sdoid":"1","as_of":"2014-04-22T16:23:18","title":"#DiadelaTierra","url":"http://twitter.com/search?q=%23DiadelaTierra","timestamp":"2014-04-22 16:23:19 +0000"}
{"woeid":"23424900","the_date":"20140422","sdoid":"1","as_of":"2014-04-22T16:23:18","title":"#LaDudaQueDisfruto","url":"http://twitter.com/search?q=%23LaDudaQueDisfruto","timestamp":"2014-04-22 16:23:19 +0000"}
{"woeid":"23424900","the_date":"20140422","sdoid":"1","as_of":"2014-04-22T16:23:18","title":"#HolaSoy","url":"http://twitter.com/search?q=%23HolaSoy","timestamp":"2014-04-22 16:23:19 +0000"}
{"woeid":"23424900","the_date":"20140422","sdoid":"1","as_of":"2014-04-22T16:23:18","title":"#BellezaEnApuros","url":"http://twitter.com/search?q=%23BellezaEnApuros","timestamp":"2014-04-22 16:23:19 +0000"}
{"woeid":"23424900","the_date":"20140422","sdoid":"1","as_of":"2014-04-22T16:23:18","title":"#EarthDay","url":"http://twitter.com/search?q=%23EarthDay","timestamp":"2014-04-22 16:23:19 +0000"}
{"woeid":"23424900","the_date":"20140422","sdoid":"1","as_of":"2014-04-22T16:23:18","title":"Ryan Giggs","url":"http://twitter.com/search?q=%22Ryan+Giggs%22","timestamp":"2014-04-22 16:23:19 +0000"}
{"woeid":"23424900","the_date":"20140422","sdoid":"1","as_of":"2014-04-22T16:23:18","title":"Tierra","url":"http://twitter.com/search?q=Tierra","timestamp":"2014-04-22 16:23:19 +0000"}
{"woeid":"23424900","the_date":"20140422","sdoid":"1","as_of":"2014-04-22T16:23:18","title":"México","url":"http://twitter.com/search?q=M%C3%A9xico","timestamp":"2014-04-22 16:23:19 +0000"}
{"woeid":"23424900","the_date":"20140422","sdoid":"1","as_of":"2014-04-22T16:23:18","title":"Corona","url":"http://twitter.com/search?q=Corona","timestamp":"2014-04-22 16:23:19 +0000"}
{"woeid":"23424909","the_date":"20140422","sdoid":"1","as_of":"2014-04-22T16:24:16","title":"David Moyes","url":"http://twitter.com/search?q=%22David+Moyes%22","timestamp":"2014-04-22 16:24:17 +0000"}
{"woeid":"23424909","the_date":"20140422","sdoid":"1","as_of":"2014-04-22T16:24:16","title":"#Koningsdag","url":"http://twitter.com/search?q=%23Koningsdag","timestamp":"2014-04-22 16:24:17 +0000"}
{"woeid":"23424909","the_date":"20140422","sdoid":"1","as_of":"2014-04-22T16:24:16","title":"Zara","url":"http://twitter.com/search?q=Zara","timestamp":"2014-04-22 16:24:17 +0000"}
{"woeid":"23424909","the_date":"20140422","sdoid":"1","as_of":"2014-04-22T16:24:16","title":"Van Gaal","url":"http://twitter.com/search?q=%22Van+Gaal%22","timestamp":"2014-04-22 16:24:17 +0000"}
{"woeid":"23424909","the_date":"20140422","sdoid":"1","as_of":"2014-04-22T16:24:16","title":"Manchester United","url":"http://twitter.com/search?q=%22Manchester+United%22","timestamp":"2014-04-22 16:24:17 +0000"}
{"woeid":"23424909","the_date":"20140422","sdoid":"1","as_of":"2014-04-22T16:24:16","title":"#RIPCatValentine","url":"http://twitter.com/search?q=%23RIPCatValentine","timestamp":"2014-04-22 16:24:17 +0000"}
{"woeid":"23424909","the_date":"20140422","sdoid":"1","as_of":"2014-04-22T16:24:16","title":"Nog 4","url":"http://twitter.com/search?q=%22Nog+4%22","timestamp":"2014-04-22 16:24:17 +0000"}
{"woeid":"23424909","the_date":"20140422","sdoid":"1","as_of":"2014-04-22T16:24:16","title":"Problem","url":"http://twitter.com/search?q=Problem","timestamp":"2014-04-22 16:24:17 +0000"}
{"woeid":"23424909","the_date":"20140422","sdoid":"1","as_of":"2014-04-22T16:24:16","title":"Wilders","url":"http://twitter.com/search?q=Wilders","timestamp":"2014-04-22 16:24:17 +0000"}
{"woeid":"23424909","the_date":"20140422","sdoid":"1","as_of":"2014-04-22T16:24:16","title":"The Netherlands","url":"http://twitter.com/search?q=%22The+Netherlands%22","timestamp":"2014-04-22 16:24:17 +0000"}
{"woeid":"23424908","the_date":"20140422","sdoid":"1","as_of":"2014-04-22T16:25:14","title":"Everton","url":"http://twitter.com/search?q=Everton","timestamp":"2014-04-22 16:25:15 +0000"}
{"woeid":"23424908","the_date":"20140422","sdoid":"1","as_of":"2014-04-22T16:25:14","title":"#MoyesSacked","url":"http://twitter.com/search?q=%23MoyesSacked","timestamp":"2014-04-22 16:25:15 +0000"}
{"woeid":"23424908","the_date":"20140422","sdoid":"1","as_of":"2014-04-22T16:25:14","title":"#ANTIDOTEbyjaydonis","url":"http://twitter.com/search?q=%23ANTIDOTEbyjaydonis","timestamp":"2014-04-22 16:25:15 +0000"}
{"woeid":"23424908","the_date":"20140422","sdoid":"1","as_of":"2014-04-22T16:25:14","title":"#jerseypartybyunrashon","url":"http://twitter.com/search?q=%23jerseypartybyunrashon","timestamp":"2014-04-22 16:25:15 +0000"}
{"woeid":"23424908","the_date":"20140422","sdoid":"1","as_of":"2014-04-22T16:25:14","title":"#TILEbyVolume","url":"http://twitter.com/search?q=%23TILEbyVolume","timestamp":"2014-04-22 16:25:15 +0000"}
{"woeid":"23424908","the_date":"20140422","sdoid":"1","as_of":"2014-04-22T16:25:14","title":"#BaddotourUSA","url":"http://twitter.com/search?q=%23BaddotourUSA","timestamp":"2014-04-22 16:25:15 +0000"}
{"woeid":"23424908","the_date":"20140422","sdoid":"1","as_of":"2014-04-22T16:25:14","title":"Ryan Giggs","url":"http://twitter.com/search?q=%22Ryan+Giggs%22","timestamp":"2014-04-22 16:25:15 +0000"}
{"woeid":"23424908","the_date":"20140422","sdoid":"1","as_of":"2014-04-22T16:25:14","title":"What's for Breakfast","url":"http://twitter.com/search?q=%22What%27s+for+Breakfast%22","timestamp":"2014-04-22 16:25:15 +0000"}
{"woeid":"23424908","the_date":"20140422","sdoid":"1","as_of":"2014-04-22T16:25:14","title":"Vegetables","url":"http://twitter.com/search?q=Vegetables","timestamp":"2014-04-22 16:25:15 +0000"}
{"woeid":"23424908","the_date":"20140422","sdoid":"1","as_of":"2014-04-22T16:25:14","title":"Van Gaal","url":"http://twitter.com/search?q=%22Van+Gaal%22","timestamp":"2014-04-22 16:25:15 +0000"}
{"woeid":"23424910","the_date":"20140422","sdoid":"1","as_of":"2014-04-22T16:26:12","title":"Moyes","url":"http://twitter.com/search?q=Moyes","timestamp":"2014-04-22 16:26:13 +0000"}
{"woeid":"23424910","the_date":"20140422","sdoid":"1","as_of":"2014-04-22T16:26:12","title":"Van Gaal","url":"http://twitter.com/search?q=%22Van+Gaal%22","timestamp":"2014-04-22 16:26:13 +0000"}
{"woeid":"23424910","the_date":"20140422","sdoid":"1","as_of":"2014-04-22T16:26:12","title":"Norway","url":"http://twitter.com/search?q=Norway","timestamp":"2014-04-22 16:26:13 +0000"}
{"woeid":"23424910","the_date":"20140422","sdoid":"1","as_of":"2014-04-22T16:26:12","title":"#unitedno","url":"http://twitter.com/search?q=%23unitedno","timestamp":"2014-04-22 16:26:13 +0000"}
{"woeid":"23424910","the_date":"20140422","sdoid":"1","as_of":"2014-04-22T16:26:12","title":"Sandvika","url":"http://twitter.com/search?q=Sandvika","timestamp":"2014-04-22 16:26:13 +0000"}
{"woeid":"23424910","the_date":"20140422","sdoid":"1","as_of":"2014-04-22T16:26:12","title":"Isac","url":"http://twitter.com/search?q=Isac","timestamp":"2014-04-22 16:26:13 +0000"}
{"woeid":"23424910","the_date":"20140422","sdoid":"1","as_of":"2014-04-22T16:26:12","title":"#MUFC","url":"http://twitter.com/search?q=%23MUFC","timestamp":"2014-04-22 16:26:13 +0000"}
{"woeid":"23424910","the_date":"20140422","sdoid":"1","as_of":"2014-04-22T16:26:12","title":"Oslo","url":"http://twitter.com/search?q=Oslo","timestamp":"2014-04-22 16:26:13 +0000"}
{"woeid":"23424910","the_date":"20140422","sdoid":"1","as_of":"2014-04-22T16:26:12","title":"Norge","url":"http://twitter.com/search?q=Norge","timestamp":"2014-04-22 16:26:13 +0000"}
{"woeid":"23424910","the_date":"20140422","sdoid":"1","as_of":"2014-04-22T16:26:12","title":"Trond Olsen","url":"http://twitter.com/search?q=%22Trond+Olsen%22","timestamp":"2014-04-22 16:26:13 +0000"}
{"woeid":"23424934","the_date":"20140422","sdoid":"1","as_of":"2014-04-22T16:27:10","title":"#MasakitIsipinNa","url":"http://twitter.com/search?q=%23MasakitIsipinNa","timestamp":"2014-04-22 16:27:11 +0000"}
{"woeid":"23424934","the_date":"20140422","sdoid":"1","as_of":"2014-04-22T16:27:10","title":"#YanAngBanat","url":"http://twitter.com/search?q=%23YanAngBanat","timestamp":"2014-04-22 16:27:11 +0000"}
{"woeid":"23424934","the_date":"20140422","sdoid":"1","as_of":"2014-04-22T16:27:10","title":"#TipsNgayongPasukan","url":"http://twitter.com/search?q=%23TipsNgayongPasukan","timestamp":"2014-04-22 16:27:11 +0000"}
{"woeid":"23424934","the_date":"20140422","sdoid":"1","as_of":"2014-04-22T16:27:10","title":"#PinoysBeLike","url":"http://twitter.com/search?q=%23PinoysBeLike","timestamp":"2014-04-22 16:27:11 +0000"}
{"woeid":"23424934","the_date":"20140422","sdoid":"1","as_of":"2014-04-22T16:27:10","title":"#GinebraDugtungan","url":"http://twitter.com/search?q=%23GinebraDugtungan","timestamp":"2014-04-22 16:27:11 +0000"}
{"woeid":"23424934","the_date":"20140422","sdoid":"1","as_of":"2014-04-22T16:27:10","title":"Mature Garden","url":"http://twitter.com/search?q=%22Mature+Garden%22","timestamp":"2014-04-22 16:27:11 +0000"}
{"woeid":"23424934","the_date":"20140422","sdoid":"1","as_of":"2014-04-22T16:27:10","title":"Haha K.","url":"http://twitter.com/search?q=%22Haha+K.%22","timestamp":"2014-04-22 16:27:11 +0000"}
{"woeid":"23424934","the_date":"20140422","sdoid":"1","as_of":"2014-04-22T16:27:10","title":"Edi Hamsamnida","url":"http://twitter.com/search?q=%22Edi+Hamsamnida%22","timestamp":"2014-04-22 16:27:11 +0000"}
{"woeid":"23424934","the_date":"20140422","sdoid":"1","as_of":"2014-04-22T16:27:10","title":"Anong Ham","url":"http://twitter.com/search?q=%22Anong+Ham%22","timestamp":"2014-04-22 16:27:11 +0000"}
{"woeid":"23424934","the_date":"20140422","sdoid":"1","as_of":"2014-04-22T16:27:10","title":"Koreano","url":"http://twitter.com/search?q=Koreano","timestamp":"2014-04-22 16:27:11 +0000"}
{"woeid":"23424954","the_date":"20140422","sdoid":"1","as_of":"2014-04-22T16:36:51","title":"Moyes","url":"http://twitter.com/search?q=Moyes","timestamp":"2014-04-22 16:36:52 +0000"}
{"woeid":"23424954","the_date":"20140422","sdoid":"1","as_of":"2014-04-22T16:36:51","title":"Norrköping","url":"http://twitter.com/search?q=Norrk%C3%B6ping","timestamp":"2014-04-22 16:36:52 +0000"}
{"woeid":"23424954","the_date":"20140422","sdoid":"1","as_of":"2014-04-22T16:36:51","title":"Göteborg","url":"http://twitter.com/search?q=G%C3%B6teborg","timestamp":"2014-04-22 16:36:52 +0000"}
{"woeid":"23424954","the_date":"20140422","sdoid":"1","as_of":"2014-04-22T16:36:51","title":"Skåne","url":"http://twitter.com/search?q=Sk%C3%A5ne","timestamp":"2014-04-22 16:36:52 +0000"}
{"woeid":"23424954","the_date":"20140422","sdoid":"1","as_of":"2014-04-22T16:36:51","title":"Färjestad","url":"http://twitter.com/search?q=F%C3%A4rjestad","timestamp":"2014-04-22 16:36:52 +0000"}
{"woeid":"23424954","the_date":"20140422","sdoid":"1","as_of":"2014-04-22T16:36:51","title":"Thente","url":"http://twitter.com/search?q=Thente","timestamp":"2014-04-22 16:36:52 +0000"}
{"woeid":"23424954","the_date":"20140422","sdoid":"1","as_of":"2014-04-22T16:36:51","title":"Västerås","url":"http://twitter.com/search?q=V%C3%A4ster%C3%A5s","timestamp":"2014-04-22 16:36:52 +0000"}
{"woeid":"23424954","the_date":"20140422","sdoid":"1","as_of":"2014-04-22T16:36:51","title":"Ängelholm","url":"http://twitter.com/search?q=%C3%84ngelholm","timestamp":"2014-04-22 16:36:52 +0000"}
{"woeid":"23424954","the_date":"20140422","sdoid":"1","as_of":"2014-04-22T16:36:51","title":"Skellefteå AIK","url":"http://twitter.com/search?q=%22Skellefte%C3%A5+AIK%22","timestamp":"2014-04-22 16:36:52 +0000"}
{"woeid":"23424954","the_date":"20140422","sdoid":"1","as_of":"2014-04-22T16:36:51","title":"Umeå","url":"http://twitter.com/search?q=Ume%C3%A5","timestamp":"2014-04-22 16:36:52 +0000"}
{"woeid":"23424957","the_date":"20140422","sdoid":"1","as_of":"2014-04-22T16:37:49","title":"Thibault","url":"http://twitter.com/search?q=Thibault","timestamp":"2014-04-22 16:37:50 +0000"}
{"woeid":"23424957","the_date":"20140422","sdoid":"1","as_of":"2014-04-22T16:37:49","title":"#topchef","url":"http://twitter.com/search?q=%23topchef","timestamp":"2014-04-22 16:37:50 +0000"}
{"woeid":"23424957","the_date":"20140422","sdoid":"1","as_of":"2014-04-22T16:37:49","title":"#tatort","url":"http://twitter.com/search?q=%23tatort","timestamp":"2014-04-22 16:37:50 +0000"}
{"woeid":"23424957","the_date":"20140422","sdoid":"1","as_of":"2014-04-22T16:37:49","title":"Switzerland","url":"http://twitter.com/search?q=Switzerland","timestamp":"2014-04-22 16:37:50 +0000"}
{"woeid":"23424957","the_date":"20140422","sdoid":"1","as_of":"2014-04-22T16:37:49","title":"Happy Easter","url":"http://twitter.com/search?q=%22Happy+Easter%22","timestamp":"2014-04-22 16:37:50 +0000"}
{"woeid":"23424957","the_date":"20140422","sdoid":"1","as_of":"2014-04-22T16:37:49","title":"#Cupfinal","url":"http://twitter.com/search?q=%23Cupfinal","timestamp":"2014-04-22 16:37:50 +0000"}
{"woeid":"23424957","the_date":"20140422","sdoid":"1","as_of":"2014-04-22T16:37:49","title":"Pâques","url":"http://twitter.com/search?q=P%C3%A2ques","timestamp":"2014-04-22 16:37:50 +0000"}
{"woeid":"23424957","the_date":"20140422","sdoid":"1","as_of":"2014-04-22T16:37:49","title":"#WhenIWakeUpILookLike","url":"http://twitter.com/search?q=%23WhenIWakeUpILookLike","timestamp":"2014-04-22 16:37:50 +0000"}
{"woeid":"23424957","the_date":"20140422","sdoid":"1","as_of":"2014-04-22T16:37:49","title":"Zurich","url":"http://twitter.com/search?q=Zurich","timestamp":"2014-04-22 16:37:50 +0000"}
{"woeid":"23424957","the_date":"20140422","sdoid":"1","as_of":"2014-04-22T16:37:49","title":"Videos","url":"http://twitter.com/search?q=Videos","timestamp":"2014-04-22 16:37:50 +0000"}
{"woeid":"23424960","the_date":"20140422","sdoid":"1","as_of":"2014-04-22T16:38:47","title":"David Moyes","url":"http://twitter.com/search?q=%22David+Moyes%22","timestamp":"2014-04-22 16:38:48 +0000"}
{"woeid":"23424960","the_date":"20140422","sdoid":"1","as_of":"2014-04-22T16:38:47","title":"#มหกรรมมาทําทามไลน์ให้มันเย่เฮ้ท","url":"http://twitter.com/search?q=%23%E0%B8%A1%E0%B8%AB%E0%B8%81%E0%B8%A3%E0%B8%A3%E0%B8%A1%E0%B8%A1%E0%B8%B2%E0%B8%97%E0%B9%8D%E0%B8%B2%E0%B8%97%E0%B8%B2%E0%B8%A1%E0%B9%84%E0%B8%A5%E0%B8%99%E0%B9%8C%E0%B9%83%E0%B8%AB%E0%B9%89%E0%B8%A1%E0%B8%B1%E0%B8%99%E0%B9%80%E0%B8%A2%E0%B9%88%E0%B9%80%E0%B8%AE%E0%B9%89%E0%B8%97","timestamp":"2014-04-22 16:38:48 +0000"}
{"woeid":"23424960","the_date":"20140422","sdoid":"1","as_of":"2014-04-22T16:38:47","title":"#มหกรรมดรชนโชว์เบ้า","url":"http://twitter.com/search?q=%23%E0%B8%A1%E0%B8%AB%E0%B8%81%E0%B8%A3%E0%B8%A3%E0%B8%A1%E0%B8%94%E0%B8%A3%E0%B8%8A%E0%B8%99%E0%B9%82%E0%B8%8A%E0%B8%A7%E0%B9%8C%E0%B9%80%E0%B8%9A%E0%B9%89%E0%B8%B2","timestamp":"2014-04-22 16:38:48 +0000"}
{"woeid":"23424960","the_date":"20140422","sdoid":"1","as_of":"2014-04-22T16:38:47","title":"#phaluwedding","url":"http://twitter.com/search?q=%23phaluwedding","timestamp":"2014-04-22 16:38:48 +0000"}
{"woeid":"23424960","the_date":"20140422","sdoid":"1","as_of":"2014-04-22T16:38:47","title":"#เดอะซีคพร้อมจะไฝว้","url":"http://twitter.com/search?q=%23%E0%B9%80%E0%B8%94%E0%B8%AD%E0%B8%B0%E0%B8%8B%E0%B8%B5%E0%B8%84%E0%B8%9E%E0%B8%A3%E0%B9%89%E0%B8%AD%E0%B8%A1%E0%B8%88%E0%B8%B0%E0%B9%84%E0%B8%9D%E0%B8%A7%E0%B9%89","timestamp":"2014-04-22 16:38:48 +0000"}
{"woeid":"23424960","the_date":"20140422","sdoid":"1","as_of":"2014-04-22T16:38:47","title":"#แฮมโอ่งเวดดิ้งอิ้งอิ้งอิ้ง","url":"http://twitter.com/search?q=%23%E0%B9%81%E0%B8%AE%E0%B8%A1%E0%B9%82%E0%B8%AD%E0%B9%88%E0%B8%87%E0%B9%80%E0%B8%A7%E0%B8%94%E0%B8%94%E0%B8%B4%E0%B9%89%E0%B8%87%E0%B8%AD%E0%B8%B4%E0%B9%89%E0%B8%87%E0%B8%AD%E0%B8%B4%E0%B9%89%E0%B8%87%E0%B8%AD%E0%B8%B4%E0%B9%89%E0%B8%87","timestamp":"2014-04-22 16:38:48 +0000"}
{"woeid":"23424960","the_date":"20140422","sdoid":"1","as_of":"2014-04-22T16:38:47","title":"JJ Project","url":"http://twitter.com/search?q=%22JJ+Project%22","timestamp":"2014-04-22 16:38:48 +0000"}
{"woeid":"23424960","the_date":"20140422","sdoid":"1","as_of":"2014-04-22T16:38:47","title":"Pathum Wan","url":"http://twitter.com/search?q=%22Pathum+Wan%22","timestamp":"2014-04-22 16:38:48 +0000"}
{"woeid":"23424960","the_date":"20140422","sdoid":"1","as_of":"2014-04-22T16:38:47","title":"TTTT","url":"http://twitter.com/search?q=TTTT","timestamp":"2014-04-22 16:38:48 +0000"}
{"woeid":"23424960","the_date":"20140422","sdoid":"1","as_of":"2014-04-22T16:38:47","title":"Official MV","url":"http://twitter.com/search?q=%22Official+MV%22","timestamp":"2014-04-22 16:38:48 +0000"}
{"woeid":"23424969","the_date":"20140422","sdoid":"1","as_of":"2014-04-22T16:39:45","title":"David Moyes","url":"http://twitter.com/search?q=%22David+Moyes%22","timestamp":"2014-04-22 16:39:46 +0000"}
{"woeid":"23424969","the_date":"20140422","sdoid":"1","as_of":"2014-04-22T16:39:45","title":"#AşıkOlmaÇünkü","url":"http://twitter.com/search?q=%23A%C5%9F%C4%B1kOlma%C3%87%C3%BCnk%C3%BC","timestamp":"2014-04-22 16:39:46 +0000"}
{"woeid":"23424969","the_date":"20140422","sdoid":"1","as_of":"2014-04-22T16:39:45","title":"#ÇekilmezOluyor","url":"http://twitter.com/search?q=%23%C3%87ekilmezOluyor","timestamp":"2014-04-22 16:39:46 +0000"}
{"woeid":"23424969","the_date":"20140422","sdoid":"1","as_of":"2014-04-22T16:39:45","title":"#HadiGelSeninle","url":"http://twitter.com/search?q=%23HadiGelSeninle","timestamp":"2014-04-22 16:39:46 +0000"}
{"woeid":"23424969","the_date":"20140422","sdoid":"1","as_of":"2014-04-22T16:39:45","title":"#benvaryakucukken","url":"http://twitter.com/search?q=%23benvaryakucukken","timestamp":"2014-04-22 16:39:46 +0000"}
{"woeid":"23424969","the_date":"20140422","sdoid":"1","as_of":"2014-04-22T16:39:45","title":"#DikDurEğilmeBuMilletSeninleRTE","url":"http://twitter.com/search?q=%23DikDurE%C4%9FilmeBuMilletSeninleRTE","timestamp":"2014-04-22 16:39:46 +0000"}
{"woeid":"23424969","the_date":"20140422","sdoid":"1","as_of":"2014-04-22T16:39:45","title":"Yarın 23 Nisan","url":"http://twitter.com/search?q=%22Yar%C4%B1n+23+Nisan%22","timestamp":"2014-04-22 16:39:46 +0000"}
{"woeid":"23424969","the_date":"20140422","sdoid":"1","as_of":"2014-04-22T16:39:45","title":"AnadolusuzFeride EsereSaygisizlik","url":"http://twitter.com/search?q=%22AnadolusuzFeride+EsereSaygisizlik%22","timestamp":"2014-04-22 16:39:46 +0000"}
{"woeid":"23424969","the_date":"20140422","sdoid":"1","as_of":"2014-04-22T16:39:45","title":"TürkiyeninEnBüyükTakımı GALATASARAY","url":"http://twitter.com/search?q=%22T%C3%BCrkiyeninEnB%C3%BCy%C3%BCkTak%C4%B1m%C4%B1+GALATASARAY%22","timestamp":"2014-04-22 16:39:46 +0000"}
{"woeid":"23424969","the_date":"20140422","sdoid":"1","as_of":"2014-04-22T16:39:45","title":"DemetAkalın REKOR","url":"http://twitter.com/search?q=%22DemetAkal%C4%B1n+REKOR%22","timestamp":"2014-04-22 16:39:46 +0000"}
{"woeid":"23424976","the_date":"20140422","sdoid":"1","as_of":"2014-04-22T16:40:43","title":"#Citroen","url":"http://twitter.com/search?q=%23Citroen","timestamp":"2014-04-22 16:40:44 +0000"}
{"woeid":"23424976","the_date":"20140422","sdoid":"1","as_of":"2014-04-22T16:40:43","title":"#Автомобиль","url":"http://twitter.com/search?q=%23%D0%90%D0%B2%D1%82%D0%BE%D0%BC%D0%BE%D0%B1%D0%B8%D0%BB%D1%8C","timestamp":"2014-04-22 16:40:44 +0000"}
{"woeid":"23424976","the_date":"20140422","sdoid":"1","as_of":"2014-04-22T16:40:43","title":"#Nissan","url":"http://twitter.com/search?q=%23Nissan","timestamp":"2014-04-22 16:40:44 +0000"}
{"woeid":"23424976","the_date":"20140422","sdoid":"1","as_of":"2014-04-22T16:40:43","title":"#Электроусилитель","url":"http://twitter.com/search?q=%23%D0%AD%D0%BB%D0%B5%D0%BA%D1%82%D1%80%D0%BE%D1%83%D1%81%D0%B8%D0%BB%D0%B8%D1%82%D0%B5%D0%BB%D1%8C","timestamp":"2014-04-22 16:40:44 +0000"}
{"woeid":"23424976","the_date":"20140422","sdoid":"1","as_of":"2014-04-22T16:40:43","title":"#новсти","url":"http://twitter.com/search?q=%23%D0%BD%D0%BE%D0%B2%D1%81%D1%82%D0%B8","timestamp":"2014-04-22 16:40:44 +0000"}
{"woeid":"23424976","the_date":"20140422","sdoid":"1","as_of":"2014-04-22T16:40:43","title":"Калина","url":"http://twitter.com/search?q=%D0%9A%D0%B0%D0%BB%D0%B8%D0%BD%D0%B0","timestamp":"2014-04-22 16:40:44 +0000"}
{"woeid":"23424976","the_date":"20140422","sdoid":"1","as_of":"2014-04-22T16:40:43","title":"Земли","url":"http://twitter.com/search?q=%D0%97%D0%B5%D0%BC%D0%BB%D0%B8","timestamp":"2014-04-22 16:40:44 +0000"}
{"woeid":"23424976","the_date":"20140422","sdoid":"1","as_of":"2014-04-22T16:40:43","title":"Ukraine","url":"http://twitter.com/search?q=Ukraine","timestamp":"2014-04-22 16:40:44 +0000"}
{"woeid":"23424976","the_date":"20140422","sdoid":"1","as_of":"2014-04-22T16:40:43","title":"Украине","url":"http://twitter.com/search?q=%D0%A3%D0%BA%D1%80%D0%B0%D0%B8%D0%BD%D0%B5","timestamp":"2014-04-22 16:40:44 +0000"}
{"woeid":"23424976","the_date":"20140422","sdoid":"1","as_of":"2014-04-22T16:40:43","title":"Пасху","url":"http://twitter.com/search?q=%D0%9F%D0%B0%D1%81%D1%85%D1%83","timestamp":"2014-04-22 16:40:44 +0000"}
{"woeid":"23424975","the_date":"20140422","sdoid":"1","as_of":"2014-04-22T16:41:41","title":"#NationalSendYourManNudesDay","url":"http://twitter.com/search?q=%23NationalSendYourManNudesDay","timestamp":"2014-04-22 16:41:43 +0000"}
{"woeid":"23424975","the_date":"20140422","sdoid":"1","as_of":"2014-04-22T16:41:41","title":"#4MonthsAndStillHere","url":"http://twitter.com/search?q=%234MonthsAndStillHere","timestamp":"2014-04-22 16:41:43 +0000"}
{"woeid":"23424975","the_date":"20140422","sdoid":"1","as_of":"2014-04-22T16:41:41","title":"#PrayForWestside","url":"http://twitter.com/search?q=%23PrayForWestside","timestamp":"2014-04-22 16:41:43 +0000"}
{"woeid":"23424975","the_date":"20140422","sdoid":"1","as_of":"2014-04-22T16:41:41","title":"#TILEbyVolume","url":"http://twitter.com/search?q=%23TILEbyVolume","timestamp":"2014-04-22 16:41:43 +0000"}
{"woeid":"23424975","the_date":"20140422","sdoid":"1","as_of":"2014-04-22T16:41:41","title":"#jerseypartybyunrashon","url":"http://twitter.com/search?q=%23jerseypartybyunrashon","timestamp":"2014-04-22 16:41:43 +0000"}
{"woeid":"23424975","the_date":"20140422","sdoid":"1","as_of":"2014-04-22T16:41:41","title":"Happy Earth Day","url":"http://twitter.com/search?q=%22Happy+Earth+Day%22","timestamp":"2014-04-22 16:41:43 +0000"}
{"woeid":"23424975","the_date":"20140422","sdoid":"1","as_of":"2014-04-22T16:41:41","title":"Johan Mjallby","url":"http://twitter.com/search?q=%22Johan+Mjallby%22","timestamp":"2014-04-22 16:41:43 +0000"}
{"woeid":"23424975","the_date":"20140422","sdoid":"1","as_of":"2014-04-22T16:41:41","title":"Glenn Maxwell","url":"http://twitter.com/search?q=%22Glenn+Maxwell%22","timestamp":"2014-04-22 16:41:43 +0000"}
{"woeid":"23424975","the_date":"20140422","sdoid":"1","as_of":"2014-04-22T16:41:41","title":"Van Gaal","url":"http://twitter.com/search?q=%22Van+Gaal%22","timestamp":"2014-04-22 16:41:43 +0000"}
{"woeid":"23424975","the_date":"20140422","sdoid":"1","as_of":"2014-04-22T16:41:41","title":"Jamie Redknapp","url":"http://twitter.com/search?q=%22Jamie+Redknapp%22","timestamp":"2014-04-22 16:41:43 +0000"}
{"woeid":"23424984","the_date":"20140422","sdoid":"1","as_of":"2014-04-22T16:42:40","title":"Moyes","url":"http://twitter.com/search?q=Moyes","timestamp":"2014-04-22 16:42:41 +0000"}
{"woeid":"23424984","the_date":"20140422","sdoid":"1","as_of":"2014-04-22T16:42:40","title":"#TohoTreeTour","url":"http://twitter.com/search?q=%23TohoTreeTour","timestamp":"2014-04-22 16:42:41 +0000"}
{"woeid":"23424984","the_date":"20140422","sdoid":"1","as_of":"2014-04-22T16:42:40","title":"Happy Easter","url":"http://twitter.com/search?q=%22Happy+Easter%22","timestamp":"2014-04-22 16:42:41 +0000"}
{"woeid":"23424984","the_date":"20140422","sdoid":"1","as_of":"2014-04-22T16:42:40","title":"Lộc Hàm","url":"http://twitter.com/search?q=%22L%E1%BB%99c+H%C3%A0m%22","timestamp":"2014-04-22 16:42:41 +0000"}
{"woeid":"23424984","the_date":"20140422","sdoid":"1","as_of":"2014-04-22T16:42:40","title":"Vietnam","url":"http://twitter.com/search?q=Vietnam","timestamp":"2014-04-22 16:42:41 +0000"}
{"woeid":"23424984","the_date":"20140422","sdoid":"1","as_of":"2014-04-22T16:42:40","title":"Hà Nội","url":"http://twitter.com/search?q=%22H%C3%A0+N%E1%BB%99i%22","timestamp":"2014-04-22 16:42:41 +0000"}
{"woeid":"23424984","the_date":"20140422","sdoid":"1","as_of":"2014-04-22T16:42:40","title":"Luhan","url":"http://twitter.com/search?q=Luhan","timestamp":"2014-04-22 16:42:41 +0000"}
{"woeid":"23424984","the_date":"20140422","sdoid":"1","as_of":"2014-04-22T16:42:40","title":"Sewol","url":"http://twitter.com/search?q=Sewol","timestamp":"2014-04-22 16:42:41 +0000"}
{"woeid":"23424984","the_date":"20140422","sdoid":"1","as_of":"2014-04-22T16:42:40","title":"TTvTT","url":"http://twitter.com/search?q=TTvTT","timestamp":"2014-04-22 16:42:41 +0000"}
{"woeid":"23424984","the_date":"20140422","sdoid":"1","as_of":"2014-04-22T16:42:40","title":"Khải","url":"http://twitter.com/search?q=Kh%E1%BA%A3i","timestamp":"2014-04-22 16:42:41 +0000"}
