{"woeid":"23424977","the_date":"20140422","sdoid":"1","as_of":"2014-04-22T12:01:02","title":"Boston","url":"http://twitter.com/search?q=Boston","timestamp":"2014-04-22 12:01:03 +0000"}
{"woeid":"23424977","the_date":"20140422","sdoid":"1","as_of":"2014-04-22T12:01:02","title":"Happy Earth Day","url":"http://twitter.com/search?q=%22Happy+Earth+Day%22","timestamp":"2014-04-22 12:01:03 +0000"}
{"woeid":"23424977","the_date":"20140422","sdoid":"1","as_of":"2014-04-22T12:01:02","title":"#SaySomethingLiberalIn4Words","url":"http://twitter.com/search?q=%23SaySomethingLiberalIn4Words","timestamp":"2014-04-22 12:01:03 +0000"}
{"woeid":"23424977","the_date":"20140422","sdoid":"1","as_of":"2014-04-22T12:01:02","title":"#MustHaveBeenHigh","url":"http://twitter.com/search?q=%23MustHaveBeenHigh","timestamp":"2014-04-22 12:01:03 +0000"}
{"woeid":"23424977","the_date":"20140422","sdoid":"1","as_of":"2014-04-22T12:01:02","title":"#5SOSonHits","url":"http://twitter.com/search?q=%235SOSonHits","timestamp":"2014-04-22 12:01:03 +0000"}
{"woeid":"23424977","the_date":"20140422","sdoid":"1","as_of":"2014-04-22T12:01:02","title":"#MoyesSacked","url":"http://twitter.com/search?q=%23MoyesSacked","timestamp":"2014-04-22 12:01:03 +0000"}
{"woeid":"23424977","the_date":"20140422","sdoid":"1","as_of":"2014-04-22T12:01:02","title":"#IGotAThingFor","url":"http://twitter.com/search?q=%23IGotAThingFor","timestamp":"2014-04-22 12:01:03 +0000"}
{"woeid":"23424977","the_date":"20140422","sdoid":"1","as_of":"2014-04-22T12:01:02","title":"Gin and Juice","url":"http://twitter.com/search?q=%22Gin+and+Juice%22","timestamp":"2014-04-22 12:01:03 +0000"}
{"woeid":"23424977","the_date":"20140422","sdoid":"1","as_of":"2014-04-22T12:01:02","title":"Matt Cooke","url":"http://twitter.com/search?q=%22Matt+Cooke%22","timestamp":"2014-04-22 12:01:03 +0000"}
{"woeid":"23424977","the_date":"20140422","sdoid":"1","as_of":"2014-04-22T12:01:02","title":"FCAT","url":"http://twitter.com/search?q=FCAT","timestamp":"2014-04-22 12:01:03 +0000"}
{"woeid":"23424747","the_date":"20140422","sdoid":"1","as_of":"2014-04-22T12:02:00","title":"#HolaSoy","url":"http://twitter.com/search?q=%23HolaSoy","timestamp":"2014-04-22 12:02:01 +0000"}
{"woeid":"23424747","the_date":"20140422","sdoid":"1","as_of":"2014-04-22T12:02:00","title":"#ComoMeRevientaQue","url":"http://twitter.com/search?q=%23ComoMeRevientaQue","timestamp":"2014-04-22 12:02:01 +0000"}
{"woeid":"23424747","the_date":"20140422","sdoid":"1","as_of":"2014-04-22T12:02:00","title":"#NoMeVaQue","url":"http://twitter.com/search?q=%23NoMeVaQue","timestamp":"2014-04-22 12:02:01 +0000"}
{"woeid":"23424747","the_date":"20140422","sdoid":"1","as_of":"2014-04-22T12:02:00","title":"#SiYoFueraInvisible","url":"http://twitter.com/search?q=%23SiYoFueraInvisible","timestamp":"2014-04-22 12:02:01 +0000"}
{"woeid":"23424747","the_date":"20140422","sdoid":"1","as_of":"2014-04-22T12:02:00","title":"#QuieroContarQue","url":"http://twitter.com/search?q=%23QuieroContarQue","timestamp":"2014-04-22 12:02:01 +0000"}
{"woeid":"23424747","the_date":"20140422","sdoid":"1","as_of":"2014-04-22T12:02:00","title":"Ryan Giggs","url":"http://twitter.com/search?q=%22Ryan+Giggs%22","timestamp":"2014-04-22 12:02:01 +0000"}
{"woeid":"23424747","the_date":"20140422","sdoid":"1","as_of":"2014-04-22T12:02:00","title":"Freddy vs Jason","url":"http://twitter.com/search?q=%22Freddy+vs+Jason%22","timestamp":"2014-04-22 12:02:01 +0000"}
{"woeid":"23424747","the_date":"20140422","sdoid":"1","as_of":"2014-04-22T12:02:00","title":"Wilde","url":"http://twitter.com/search?q=Wilde","timestamp":"2014-04-22 12:02:01 +0000"}
{"woeid":"23424747","the_date":"20140422","sdoid":"1","as_of":"2014-04-22T12:02:00","title":"UNEN","url":"http://twitter.com/search?q=UNEN","timestamp":"2014-04-22 12:02:01 +0000"}
{"woeid":"23424747","the_date":"20140422","sdoid":"1","as_of":"2014-04-22T12:02:00","title":"Tierra","url":"http://twitter.com/search?q=Tierra","timestamp":"2014-04-22 12:02:01 +0000"}
{"woeid":"23424750","the_date":"20140422","sdoid":"1","as_of":"2014-04-22T12:02:58","title":"#WhenIWakeUpILookLike","url":"http://twitter.com/search?q=%23WhenIWakeUpILookLike","timestamp":"2014-04-22 12:02:59 +0000"}
{"woeid":"23424750","the_date":"20140422","sdoid":"1","as_of":"2014-04-22T12:02:58","title":"#effzeh","url":"http://twitter.com/search?q=%23effzeh","timestamp":"2014-04-22 12:02:59 +0000"}
{"woeid":"23424750","the_date":"20140422","sdoid":"1","as_of":"2014-04-22T12:02:58","title":"Van Gaal","url":"http://twitter.com/search?q=%22Van+Gaal%22","timestamp":"2014-04-22 12:02:59 +0000"}
{"woeid":"23424750","the_date":"20140422","sdoid":"1","as_of":"2014-04-22T12:02:58","title":"Happy Easter","url":"http://twitter.com/search?q=%22Happy+Easter%22","timestamp":"2014-04-22 12:02:59 +0000"}
{"woeid":"23424750","the_date":"20140422","sdoid":"1","as_of":"2014-04-22T12:02:58","title":"United","url":"http://twitter.com/search?q=United","timestamp":"2014-04-22 12:02:59 +0000"}
{"woeid":"23424750","the_date":"20140422","sdoid":"1","as_of":"2014-04-22T12:02:58","title":"Austria","url":"http://twitter.com/search?q=Austria","timestamp":"2014-04-22 12:02:59 +0000"}
{"woeid":"23424750","the_date":"20140422","sdoid":"1","as_of":"2014-04-22T12:02:58","title":"#tatort","url":"http://twitter.com/search?q=%23tatort","timestamp":"2014-04-22 12:02:59 +0000"}
{"woeid":"23424750","the_date":"20140422","sdoid":"1","as_of":"2014-04-22T12:02:58","title":"Trainer","url":"http://twitter.com/search?q=Trainer","timestamp":"2014-04-22 12:02:59 +0000"}
{"woeid":"23424750","the_date":"20140422","sdoid":"1","as_of":"2014-04-22T12:02:58","title":"Videos","url":"http://twitter.com/search?q=Videos","timestamp":"2014-04-22 12:02:59 +0000"}
{"woeid":"23424750","the_date":"20140422","sdoid":"1","as_of":"2014-04-22T12:02:58","title":"Österreich","url":"http://twitter.com/search?q=%C3%96sterreich","timestamp":"2014-04-22 12:02:59 +0000"}
{"woeid":"23424748","the_date":"20140422","sdoid":"1","as_of":"2014-04-22T12:03:57","title":"#BackInTimeOfficialFilmClip","url":"http://twitter.com/search?q=%23BackInTimeOfficialFilmClip","timestamp":"2014-04-22 12:03:57 +0000"}
{"woeid":"23424748","the_date":"20140422","sdoid":"1","as_of":"2014-04-22T12:03:57","title":"#Moyes","url":"http://twitter.com/search?q=%23Moyes","timestamp":"2014-04-22 12:03:57 +0000"}
{"woeid":"23424748","the_date":"20140422","sdoid":"1","as_of":"2014-04-22T12:03:57","title":"#WSWvGUI","url":"http://twitter.com/search?q=%23WSWvGUI","timestamp":"2014-04-22 12:03:57 +0000"}
{"woeid":"23424748","the_date":"20140422","sdoid":"1","as_of":"2014-04-22T12:03:57","title":"#AskTyrone","url":"http://twitter.com/search?q=%23AskTyrone","timestamp":"2014-04-22 12:03:57 +0000"}
{"woeid":"23424748","the_date":"20140422","sdoid":"1","as_of":"2014-04-22T12:03:57","title":"#JEOvMEL","url":"http://twitter.com/search?q=%23JEOvMEL","timestamp":"2014-04-22 12:03:57 +0000"}
{"woeid":"23424748","the_date":"20140422","sdoid":"1","as_of":"2014-04-22T12:03:57","title":"Van Gaal","url":"http://twitter.com/search?q=%22Van+Gaal%22","timestamp":"2014-04-22 12:03:57 +0000"}
{"woeid":"23424748","the_date":"20140422","sdoid":"1","as_of":"2014-04-22T12:03:57","title":"Klopp","url":"http://twitter.com/search?q=Klopp","timestamp":"2014-04-22 12:03:57 +0000"}
{"woeid":"23424748","the_date":"20140422","sdoid":"1","as_of":"2014-04-22T12:03:57","title":"Uluru","url":"http://twitter.com/search?q=Uluru","timestamp":"2014-04-22 12:03:57 +0000"}
{"woeid":"23424748","the_date":"20140422","sdoid":"1","as_of":"2014-04-22T12:03:57","title":"Shinji Ono","url":"http://twitter.com/search?q=%22Shinji+Ono%22","timestamp":"2014-04-22 12:03:57 +0000"}
{"woeid":"23424748","the_date":"20140422","sdoid":"1","as_of":"2014-04-22T12:03:57","title":"Chloe and Kelly","url":"http://twitter.com/search?q=%22Chloe+and+Kelly%22","timestamp":"2014-04-22 12:03:57 +0000"}
{"woeid":"23424757","the_date":"20140422","sdoid":"1","as_of":"2014-04-22T12:04:55","title":"#zwaarstelijst","url":"http://twitter.com/search?q=%23zwaarstelijst","timestamp":"2014-04-22 12:04:55 +0000"}
{"woeid":"23424757","the_date":"20140422","sdoid":"1","as_of":"2014-04-22T12:04:55","title":"#gnkand","url":"http://twitter.com/search?q=%23gnkand","timestamp":"2014-04-22 12:04:55 +0000"}
{"woeid":"23424757","the_date":"20140422","sdoid":"1","as_of":"2014-04-22T12:04:55","title":"#clusta","url":"http://twitter.com/search?q=%23clusta","timestamp":"2014-04-22 12:04:55 +0000"}
{"woeid":"23424757","the_date":"20140422","sdoid":"1","as_of":"2014-04-22T12:04:55","title":"#WhenIWakeUpILookLike","url":"http://twitter.com/search?q=%23WhenIWakeUpILookLike","timestamp":"2014-04-22 12:04:55 +0000"}
{"woeid":"23424757","the_date":"20140422","sdoid":"1","as_of":"2014-04-22T12:04:55","title":"#cordon","url":"http://twitter.com/search?q=%23cordon","timestamp":"2014-04-22 12:04:55 +0000"}
{"woeid":"23424757","the_date":"20140422","sdoid":"1","as_of":"2014-04-22T12:04:55","title":"Thibault","url":"http://twitter.com/search?q=Thibault","timestamp":"2014-04-22 12:04:55 +0000"}
{"woeid":"23424757","the_date":"20140422","sdoid":"1","as_of":"2014-04-22T12:04:55","title":"Vlaams Gewest","url":"http://twitter.com/search?q=%22Vlaams+Gewest%22","timestamp":"2014-04-22 12:04:55 +0000"}
{"woeid":"23424757","the_date":"20140422","sdoid":"1","as_of":"2014-04-22T12:04:55","title":"Belgium","url":"http://twitter.com/search?q=Belgium","timestamp":"2014-04-22 12:04:55 +0000"}
{"woeid":"23424757","the_date":"20140422","sdoid":"1","as_of":"2014-04-22T12:04:55","title":"Pierre","url":"http://twitter.com/search?q=Pierre","timestamp":"2014-04-22 12:04:55 +0000"}
{"woeid":"23424757","the_date":"20140422","sdoid":"1","as_of":"2014-04-22T12:04:55","title":"Anderlecht","url":"http://twitter.com/search?q=Anderlecht","timestamp":"2014-04-22 12:04:55 +0000"}
{"woeid":"23424768","the_date":"20140422","sdoid":"1","as_of":"2014-04-22T12:05:53","title":"#EUTEAMODEMI","url":"http://twitter.com/search?q=%23EUTEAMODEMI","timestamp":"2014-04-22 12:05:54 +0000"}
{"woeid":"23424768","the_date":"20140422","sdoid":"1","as_of":"2014-04-22T12:05:53","title":"#ConfessoQue","url":"http://twitter.com/search?q=%23ConfessoQue","timestamp":"2014-04-22 12:05:54 +0000"}
{"woeid":"23424768","the_date":"20140422","sdoid":"1","as_of":"2014-04-22T12:05:53","title":"#HelloKittyMusicVideo","url":"http://twitter.com/search?q=%23HelloKittyMusicVideo","timestamp":"2014-04-22 12:05:54 +0000"}
{"woeid":"23424768","the_date":"20140422","sdoid":"1","as_of":"2014-04-22T12:05:53","title":"#69SonhosInsanos","url":"http://twitter.com/search?q=%2369SonhosInsanos","timestamp":"2014-04-22 12:05:54 +0000"}
{"woeid":"23424768","the_date":"20140422","sdoid":"1","as_of":"2014-04-22T12:05:53","title":"#TirulipoDay","url":"http://twitter.com/search?q=%23TirulipoDay","timestamp":"2014-04-22 12:05:54 +0000"}
{"woeid":"23424768","the_date":"20140422","sdoid":"1","as_of":"2014-04-22T12:05:53","title":"Hello Kitty","url":"http://twitter.com/search?q=%22Hello+Kitty%22","timestamp":"2014-04-22 12:05:54 +0000"}
{"woeid":"23424768","the_date":"20140422","sdoid":"1","as_of":"2014-04-22T12:05:53","title":"Mc Gui","url":"http://twitter.com/search?q=%22Mc+Gui%22","timestamp":"2014-04-22 12:05:54 +0000"}
{"woeid":"23424768","the_date":"20140422","sdoid":"1","as_of":"2014-04-22T12:05:53","title":"Porto Alegre","url":"http://twitter.com/search?q=%22Porto+Alegre%22","timestamp":"2014-04-22 12:05:54 +0000"}
{"woeid":"23424768","the_date":"20140422","sdoid":"1","as_of":"2014-04-22T12:05:53","title":"Recife","url":"http://twitter.com/search?q=Recife","timestamp":"2014-04-22 12:05:54 +0000"}
{"woeid":"23424768","the_date":"20140422","sdoid":"1","as_of":"2014-04-22T12:05:53","title":"TNLT","url":"http://twitter.com/search?q=TNLT","timestamp":"2014-04-22 12:05:54 +0000"}
{"woeid":"23424775","the_date":"20140422","sdoid":"1","as_of":"2014-04-22T12:06:51","title":"David Moyes","url":"http://twitter.com/search?q=%22David+Moyes%22","timestamp":"2014-04-22 12:06:52 +0000"}
{"woeid":"23424775","the_date":"20140422","sdoid":"1","as_of":"2014-04-22T12:06:51","title":"Boston","url":"http://twitter.com/search?q=Boston","timestamp":"2014-04-22 12:06:52 +0000"}
{"woeid":"23424775","the_date":"20140422","sdoid":"1","as_of":"2014-04-22T12:06:51","title":"Happy Earth Day","url":"http://twitter.com/search?q=%22Happy+Earth+Day%22","timestamp":"2014-04-22 12:06:52 +0000"}
{"woeid":"23424775","the_date":"20140422","sdoid":"1","as_of":"2014-04-22T12:06:51","title":"#MustHaveBeenHigh","url":"http://twitter.com/search?q=%23MustHaveBeenHigh","timestamp":"2014-04-22 12:06:52 +0000"}
{"woeid":"23424775","the_date":"20140422","sdoid":"1","as_of":"2014-04-22T12:06:51","title":"Matt Cooke","url":"http://twitter.com/search?q=%22Matt+Cooke%22","timestamp":"2014-04-22 12:06:52 +0000"}
{"woeid":"23424775","the_date":"20140422","sdoid":"1","as_of":"2014-04-22T12:06:51","title":"Herb Gray","url":"http://twitter.com/search?q=%22Herb+Gray%22","timestamp":"2014-04-22 12:06:52 +0000"}
{"woeid":"23424775","the_date":"20140422","sdoid":"1","as_of":"2014-04-22T12:06:51","title":"#SaySomethingLiberalIn4Words","url":"http://twitter.com/search?q=%23SaySomethingLiberalIn4Words","timestamp":"2014-04-22 12:06:52 +0000"}
{"woeid":"23424775","the_date":"20140422","sdoid":"1","as_of":"2014-04-22T12:06:51","title":"#IGotAThingFor","url":"http://twitter.com/search?q=%23IGotAThingFor","timestamp":"2014-04-22 12:06:52 +0000"}
{"woeid":"23424775","the_date":"20140422","sdoid":"1","as_of":"2014-04-22T12:06:51","title":"#5SOSonHits","url":"http://twitter.com/search?q=%235SOSonHits","timestamp":"2014-04-22 12:06:52 +0000"}
{"woeid":"23424775","the_date":"20140422","sdoid":"1","as_of":"2014-04-22T12:06:51","title":"#WhenIWakeUpILookLike","url":"http://twitter.com/search?q=%23WhenIWakeUpILookLike","timestamp":"2014-04-22 12:06:52 +0000"}
{"woeid":"23424787","the_date":"20140422","sdoid":"1","as_of":"2014-04-22T12:07:49","title":"#ParaCuandoUstedYYo","url":"http://twitter.com/search?q=%23ParaCuandoUstedYYo","timestamp":"2014-04-22 12:07:50 +0000"}
{"woeid":"23424787","the_date":"20140422","sdoid":"1","as_of":"2014-04-22T12:07:49","title":"#SinOfender","url":"http://twitter.com/search?q=%23SinOfender","timestamp":"2014-04-22 12:07:50 +0000"}
{"woeid":"23424787","the_date":"20140422","sdoid":"1","as_of":"2014-04-22T12:07:49","title":"#infielesenelcartel","url":"http://twitter.com/search?q=%23infielesenelcartel","timestamp":"2014-04-22 12:07:50 +0000"}
{"woeid":"23424787","the_date":"20140422","sdoid":"1","as_of":"2014-04-22T12:07:49","title":"#SoyNuevoEn","url":"http://twitter.com/search?q=%23SoyNuevoEn","timestamp":"2014-04-22 12:07:50 +0000"}
{"woeid":"23424787","the_date":"20140422","sdoid":"1","as_of":"2014-04-22T12:07:49","title":"Rin Rin Renacuajo","url":"http://twitter.com/search?q=%22Rin+Rin+Renacuajo%22","timestamp":"2014-04-22 12:07:50 +0000"}
{"woeid":"23424787","the_date":"20140422","sdoid":"1","as_of":"2014-04-22T12:07:49","title":"#SeValeSoñar","url":"http://twitter.com/search?q=%23SeValeSo%C3%B1ar","timestamp":"2014-04-22 12:07:50 +0000"}
{"woeid":"23424787","the_date":"20140422","sdoid":"1","as_of":"2014-04-22T12:07:49","title":"Wendy Sulca","url":"http://twitter.com/search?q=%22Wendy+Sulca%22","timestamp":"2014-04-22 12:07:50 +0000"}
{"woeid":"23424787","the_date":"20140422","sdoid":"1","as_of":"2014-04-22T12:07:49","title":"Ryan Giggs","url":"http://twitter.com/search?q=%22Ryan+Giggs%22","timestamp":"2014-04-22 12:07:50 +0000"}
{"woeid":"23424787","the_date":"20140422","sdoid":"1","as_of":"2014-04-22T12:07:49","title":"María Mercedes Maldonado","url":"http://twitter.com/search?q=%22Mar%C3%ADa+Mercedes+Maldonado%22","timestamp":"2014-04-22 12:07:50 +0000"}
{"woeid":"23424787","the_date":"20140422","sdoid":"1","as_of":"2014-04-22T12:07:49","title":"Colombia","url":"http://twitter.com/search?q=Colombia","timestamp":"2014-04-22 12:07:50 +0000"}
{"woeid":"23424782","the_date":"20140422","sdoid":"1","as_of":"2014-04-22T12:08:47","title":"#LaLuchaDePanchoSaavedra","url":"http://twitter.com/search?q=%23LaLuchaDePanchoSaavedra","timestamp":"2014-04-22 12:08:48 +0000"}
{"woeid":"23424782","the_date":"20140422","sdoid":"1","as_of":"2014-04-22T12:08:47","title":"#NoMePierdoGeneracionesC","url":"http://twitter.com/search?q=%23NoMePierdoGeneracionesC","timestamp":"2014-04-22 12:08:48 +0000"}
{"woeid":"23424782","the_date":"20140422","sdoid":"1","as_of":"2014-04-22T12:08:47","title":"#FrasesDeDM","url":"http://twitter.com/search?q=%23FrasesDeDM","timestamp":"2014-04-22 12:08:48 +0000"}
{"woeid":"23424782","the_date":"20140422","sdoid":"1","as_of":"2014-04-22T12:08:47","title":"#FariasLaHizoMV","url":"http://twitter.com/search?q=%23FariasLaHizoMV","timestamp":"2014-04-22 12:08:48 +0000"}
{"woeid":"23424782","the_date":"20140422","sdoid":"1","as_of":"2014-04-22T12:08:47","title":"#NombresParaElChiquitin","url":"http://twitter.com/search?q=%23NombresParaElChiquitin","timestamp":"2014-04-22 12:08:48 +0000"}
{"woeid":"23424782","the_date":"20140422","sdoid":"1","as_of":"2014-04-22T12:08:47","title":"Tonka Tomicic","url":"http://twitter.com/search?q=%22Tonka+Tomicic%22","timestamp":"2014-04-22 12:08:48 +0000"}
{"woeid":"23424782","the_date":"20140422","sdoid":"1","as_of":"2014-04-22T12:08:47","title":"William Campbell","url":"http://twitter.com/search?q=%22William+Campbell%22","timestamp":"2014-04-22 12:08:48 +0000"}
{"woeid":"23424782","the_date":"20140422","sdoid":"1","as_of":"2014-04-22T12:08:47","title":"Roberto Farías","url":"http://twitter.com/search?q=%22Roberto+Far%C3%ADas%22","timestamp":"2014-04-22 12:08:48 +0000"}
{"woeid":"23424782","the_date":"20140422","sdoid":"1","as_of":"2014-04-22T12:08:47","title":"Pablo Herrera","url":"http://twitter.com/search?q=%22Pablo+Herrera%22","timestamp":"2014-04-22 12:08:48 +0000"}
{"woeid":"23424782","the_date":"20140422","sdoid":"1","as_of":"2014-04-22T12:08:47","title":"Wendy Sulca","url":"http://twitter.com/search?q=%22Wendy+Sulca%22","timestamp":"2014-04-22 12:08:48 +0000"}
{"woeid":"23424796","the_date":"20140422","sdoid":"1","as_of":"2014-04-22T12:09:45","title":"#WhenIWakeUpILookLike","url":"http://twitter.com/search?q=%23WhenIWakeUpILookLike","timestamp":"2014-04-22 12:09:46 +0000"}
{"woeid":"23424796","the_date":"20140422","sdoid":"1","as_of":"2014-04-22T12:09:45","title":"#agfbif","url":"http://twitter.com/search?q=%23agfbif","timestamp":"2014-04-22 12:09:46 +0000"}
{"woeid":"23424796","the_date":"20140422","sdoid":"1","as_of":"2014-04-22T12:09:45","title":"#fckefb","url":"http://twitter.com/search?q=%23fckefb","timestamp":"2014-04-22 12:09:46 +0000"}
{"woeid":"23424796","the_date":"20140422","sdoid":"1","as_of":"2014-04-22T12:09:45","title":"Van Gaal","url":"http://twitter.com/search?q=%22Van+Gaal%22","timestamp":"2014-04-22 12:09:46 +0000"}
{"woeid":"23424796","the_date":"20140422","sdoid":"1","as_of":"2014-04-22T12:09:45","title":"#TSMWIN","url":"http://twitter.com/search?q=%23TSMWIN","timestamp":"2014-04-22 12:09:46 +0000"}
{"woeid":"23424796","the_date":"20140422","sdoid":"1","as_of":"2014-04-22T12:09:45","title":"Superligaen","url":"http://twitter.com/search?q=Superligaen","timestamp":"2014-04-22 12:09:46 +0000"}
{"woeid":"23424796","the_date":"20140422","sdoid":"1","as_of":"2014-04-22T12:09:45","title":"#pldk","url":"http://twitter.com/search?q=%23pldk","timestamp":"2014-04-22 12:09:46 +0000"}
{"woeid":"23424796","the_date":"20140422","sdoid":"1","as_of":"2014-04-22T12:09:45","title":"Happy Easter","url":"http://twitter.com/search?q=%22Happy+Easter%22","timestamp":"2014-04-22 12:09:46 +0000"}
{"woeid":"23424796","the_date":"20140422","sdoid":"1","as_of":"2014-04-22T12:09:45","title":"Theo James","url":"http://twitter.com/search?q=%22Theo+James%22","timestamp":"2014-04-22 12:09:46 +0000"}
{"woeid":"23424796","the_date":"20140422","sdoid":"1","as_of":"2014-04-22T12:09:45","title":"Skjern","url":"http://twitter.com/search?q=Skjern","timestamp":"2014-04-22 12:09:46 +0000"}
{"woeid":"23424819","the_date":"20140422","sdoid":"1","as_of":"2014-04-22T12:10:43","title":"#InventeUnMiracleQuiVaPasSeRealiser","url":"http://twitter.com/search?q=%23InventeUnMiracleQuiVaPasSeRealiser","timestamp":"2014-04-22 12:10:44 +0000"}
{"woeid":"23424819","the_date":"20140422","sdoid":"1","as_of":"2014-04-22T12:10:43","title":"#QuandJeMeFaisChierEnCoursJe","url":"http://twitter.com/search?q=%23QuandJeMeFaisChierEnCoursJe","timestamp":"2014-04-22 12:10:44 +0000"}
{"woeid":"23424819","the_date":"20140422","sdoid":"1","as_of":"2014-04-22T12:10:43","title":"#HappyBirthdayCapucine","url":"http://twitter.com/search?q=%23HappyBirthdayCapucine","timestamp":"2014-04-22 12:10:44 +0000"}
{"woeid":"23424819","the_date":"20140422","sdoid":"1","as_of":"2014-04-22T12:10:43","title":"#TaDisparuCommeMichelTelo","url":"http://twitter.com/search?q=%23TaDisparuCommeMichelTelo","timestamp":"2014-04-22 12:10:44 +0000"}
{"woeid":"23424819","the_date":"20140422","sdoid":"1","as_of":"2014-04-22T12:10:43","title":"Ryan Giggs","url":"http://twitter.com/search?q=%22Ryan+Giggs%22","timestamp":"2014-04-22 12:10:44 +0000"}
{"woeid":"23424819","the_date":"20140422","sdoid":"1","as_of":"2014-04-22T12:10:43","title":"Unkut","url":"http://twitter.com/search?q=Unkut","timestamp":"2014-04-22 12:10:44 +0000"}
{"woeid":"23424819","the_date":"20140422","sdoid":"1","as_of":"2014-04-22T12:10:43","title":"#Moyes","url":"http://twitter.com/search?q=%23Moyes","timestamp":"2014-04-22 12:10:44 +0000"}
{"woeid":"23424819","the_date":"20140422","sdoid":"1","as_of":"2014-04-22T12:10:43","title":"Rohff","url":"http://twitter.com/search?q=Rohff","timestamp":"2014-04-22 12:10:44 +0000"}
{"woeid":"23424819","the_date":"20140422","sdoid":"1","as_of":"2014-04-22T12:10:43","title":"Van Gaal","url":"http://twitter.com/search?q=%22Van+Gaal%22","timestamp":"2014-04-22 12:10:44 +0000"}
{"woeid":"23424819","the_date":"20140422","sdoid":"1","as_of":"2014-04-22T12:10:43","title":"Manchester United","url":"http://twitter.com/search?q=%22Manchester+United%22","timestamp":"2014-04-22 12:10:44 +0000"}
{"woeid":"23424802","the_date":"20140422","sdoid":"1","as_of":"2014-04-22T12:11:41","title":"Moyes","url":"http://twitter.com/search?q=Moyes","timestamp":"2014-04-22 12:11:42 +0000"}
{"woeid":"23424802","the_date":"20140422","sdoid":"1","as_of":"2014-04-22T12:11:41","title":"#اللى_مش_بيحبوا_الفسيخ_يعملو_فولو_لبعض","url":"http://twitter.com/search?q=%23%D8%A7%D9%84%D9%84%D9%89_%D9%85%D8%B4_%D8%A8%D9%8A%D8%AD%D8%A8%D9%88%D8%A7_%D8%A7%D9%84%D9%81%D8%B3%D9%8A%D8%AE_%D9%8A%D8%B9%D9%85%D9%84%D9%88_%D9%81%D9%88%D9%84%D9%88_%D9%84%D8%A8%D8%B9%D8%B6","timestamp":"2014-04-22 12:11:42 +0000"}
{"woeid":"23424802","the_date":"20140422","sdoid":"1","as_of":"2014-04-22T12:11:41","title":"#بلاش_شتيمة","url":"http://twitter.com/search?q=%23%D8%A8%D9%84%D8%A7%D8%B4_%D8%B4%D8%AA%D9%8A%D9%85%D8%A9","timestamp":"2014-04-22 12:11:42 +0000"}
{"woeid":"23424802","the_date":"20140422","sdoid":"1","as_of":"2014-04-22T12:11:41","title":"#دخل_كلمة_فسيخ_في_اسم_فيلم","url":"http://twitter.com/search?q=%23%D8%AF%D8%AE%D9%84_%D9%83%D9%84%D9%85%D8%A9_%D9%81%D8%B3%D9%8A%D8%AE_%D9%81%D9%8A_%D8%A7%D8%B3%D9%85_%D9%81%D9%8A%D9%84%D9%85","timestamp":"2014-04-22 12:11:42 +0000"}
{"woeid":"23424802","the_date":"20140422","sdoid":"1","as_of":"2014-04-22T12:11:41","title":"Ryan Giggs","url":"http://twitter.com/search?q=%22Ryan+Giggs%22","timestamp":"2014-04-22 12:11:42 +0000"}
{"woeid":"23424802","the_date":"20140422","sdoid":"1","as_of":"2014-04-22T12:11:41","title":"#شم_النسيم","url":"http://twitter.com/search?q=%23%D8%B4%D9%85_%D8%A7%D9%84%D9%86%D8%B3%D9%8A%D9%85","timestamp":"2014-04-22 12:11:42 +0000"}
{"woeid":"23424802","the_date":"20140422","sdoid":"1","as_of":"2014-04-22T12:11:41","title":"#فولورز_زباين_أحمد_يونس_بيعملوا_فولو_لبعض","url":"http://twitter.com/search?q=%23%D9%81%D9%88%D9%84%D9%88%D8%B1%D8%B2_%D8%B2%D8%A8%D8%A7%D9%8A%D9%86_%D8%A3%D8%AD%D9%85%D8%AF_%D9%8A%D9%88%D9%86%D8%B3_%D8%A8%D9%8A%D8%B9%D9%85%D9%84%D9%88%D8%A7_%D9%81%D9%88%D9%84%D9%88_%D9%84%D8%A8%D8%B9%D8%B6","timestamp":"2014-04-22 12:11:42 +0000"}
{"woeid":"23424802","the_date":"20140422","sdoid":"1","as_of":"2014-04-22T12:11:41","title":"Van Gaal","url":"http://twitter.com/search?q=%22Van+Gaal%22","timestamp":"2014-04-22 12:11:42 +0000"}
{"woeid":"23424802","the_date":"20140422","sdoid":"1","as_of":"2014-04-22T12:11:41","title":"Happy Easter","url":"http://twitter.com/search?q=%22Happy+Easter%22","timestamp":"2014-04-22 12:11:42 +0000"}
{"woeid":"23424802","the_date":"20140422","sdoid":"1","as_of":"2014-04-22T12:11:41","title":"Rana Samaha","url":"http://twitter.com/search?q=%22Rana+Samaha%22","timestamp":"2014-04-22 12:11:42 +0000"}
{"woeid":"23424829","the_date":"20140422","sdoid":"1","as_of":"2014-04-22T12:12:40","title":"#ramble","url":"http://twitter.com/search?q=%23ramble","timestamp":"2014-04-22 12:12:40 +0000"}
{"woeid":"23424829","the_date":"20140422","sdoid":"1","as_of":"2014-04-22T12:12:40","title":"#Moyes","url":"http://twitter.com/search?q=%23Moyes","timestamp":"2014-04-22 12:12:40 +0000"}
{"woeid":"23424829","the_date":"20140422","sdoid":"1","as_of":"2014-04-22T12:12:40","title":"#6DaysUntilProblem","url":"http://twitter.com/search?q=%236DaysUntilProblem","timestamp":"2014-04-22 12:12:40 +0000"}
{"woeid":"23424829","the_date":"20140422","sdoid":"1","as_of":"2014-04-22T12:12:40","title":"#MUFC","url":"http://twitter.com/search?q=%23MUFC","timestamp":"2014-04-22 12:12:40 +0000"}
{"woeid":"23424829","the_date":"20140422","sdoid":"1","as_of":"2014-04-22T12:12:40","title":"Wochenstart","url":"http://twitter.com/search?q=Wochenstart","timestamp":"2014-04-22 12:12:40 +0000"}
{"woeid":"23424829","the_date":"20140422","sdoid":"1","as_of":"2014-04-22T12:12:40","title":"WhatsApp","url":"http://twitter.com/search?q=WhatsApp","timestamp":"2014-04-22 12:12:40 +0000"}
{"woeid":"23424829","the_date":"20140422","sdoid":"1","as_of":"2014-04-22T12:12:40","title":"#Karton","url":"http://twitter.com/search?q=%23Karton","timestamp":"2014-04-22 12:12:40 +0000"}
{"woeid":"23424829","the_date":"20140422","sdoid":"1","as_of":"2014-04-22T12:12:40","title":"Stuttgart","url":"http://twitter.com/search?q=Stuttgart","timestamp":"2014-04-22 12:12:40 +0000"}
{"woeid":"23424829","the_date":"20140422","sdoid":"1","as_of":"2014-04-22T12:12:40","title":"Frankfurt","url":"http://twitter.com/search?q=Frankfurt","timestamp":"2014-04-22 12:12:40 +0000"}
{"woeid":"23424829","the_date":"20140422","sdoid":"1","as_of":"2014-04-22T12:12:40","title":"Training","url":"http://twitter.com/search?q=Training","timestamp":"2014-04-22 12:12:40 +0000"}
{"woeid":"23424833","the_date":"20140422","sdoid":"1","as_of":"2014-04-22T12:13:38","title":"#WhenIWakeUpILookLike","url":"http://twitter.com/search?q=%23WhenIWakeUpILookLike","timestamp":"2014-04-22 12:13:38 +0000"}
{"woeid":"23424833","the_date":"20140422","sdoid":"1","as_of":"2014-04-22T12:13:38","title":"#6DaysUntilProblem","url":"http://twitter.com/search?q=%236DaysUntilProblem","timestamp":"2014-04-22 12:13:38 +0000"}
{"woeid":"23424833","the_date":"20140422","sdoid":"1","as_of":"2014-04-22T12:13:38","title":"Happy Easter","url":"http://twitter.com/search?q=%22Happy+Easter%22","timestamp":"2014-04-22 12:13:38 +0000"}
{"woeid":"23424833","the_date":"20140422","sdoid":"1","as_of":"2014-04-22T12:13:38","title":"#thevoicegr","url":"http://twitter.com/search?q=%23thevoicegr","timestamp":"2014-04-22 12:13:38 +0000"}
{"woeid":"23424833","the_date":"20140422","sdoid":"1","as_of":"2014-04-22T12:13:38","title":"Greece","url":"http://twitter.com/search?q=Greece","timestamp":"2014-04-22 12:13:38 +0000"}
{"woeid":"23424833","the_date":"20140422","sdoid":"1","as_of":"2014-04-22T12:13:38","title":"Χριστός Ανέστη","url":"http://twitter.com/search?q=%22%CE%A7%CF%81%CE%B9%CF%83%CF%84%CF%8C%CF%82+%CE%91%CE%BD%CE%AD%CF%83%CF%84%CE%B7%22","timestamp":"2014-04-22 12:13:38 +0000"}
{"woeid":"23424833","the_date":"20140422","sdoid":"1","as_of":"2014-04-22T12:13:38","title":"Χρόνια Πολλά","url":"http://twitter.com/search?q=%22%CE%A7%CF%81%CF%8C%CE%BD%CE%B9%CE%B1+%CE%A0%CE%BF%CE%BB%CE%BB%CE%AC%22","timestamp":"2014-04-22 12:13:38 +0000"}
{"woeid":"23424833","the_date":"20140422","sdoid":"1","as_of":"2014-04-22T12:13:38","title":"#teamstavento","url":"http://twitter.com/search?q=%23teamstavento","timestamp":"2014-04-22 12:13:38 +0000"}
{"woeid":"23424833","the_date":"20140422","sdoid":"1","as_of":"2014-04-22T12:13:38","title":"#paobc","url":"http://twitter.com/search?q=%23paobc","timestamp":"2014-04-22 12:13:38 +0000"}
{"woeid":"23424833","the_date":"20140422","sdoid":"1","as_of":"2014-04-22T12:13:38","title":"Κύριος","url":"http://twitter.com/search?q=%CE%9A%CF%8D%CF%81%CE%B9%CE%BF%CF%82","timestamp":"2014-04-22 12:13:38 +0000"}
{"woeid":"23424848","the_date":"20140422","sdoid":"1","as_of":"2014-04-22T12:14:36","title":"#MoyesSacked","url":"http://twitter.com/search?q=%23MoyesSacked","timestamp":"2014-04-22 12:14:37 +0000"}
{"woeid":"23424848","the_date":"20140422","sdoid":"1","as_of":"2014-04-22T12:14:36","title":"#GadgetsICantDoWithout","url":"http://twitter.com/search?q=%23GadgetsICantDoWithout","timestamp":"2014-04-22 12:14:37 +0000"}
{"woeid":"23424848","the_date":"20140422","sdoid":"1","as_of":"2014-04-22T12:14:36","title":"#EarthDay2014","url":"http://twitter.com/search?q=%23EarthDay2014","timestamp":"2014-04-22 12:14:37 +0000"}
{"woeid":"23424848","the_date":"20140422","sdoid":"1","as_of":"2014-04-22T12:14:36","title":"Happy Earth Day","url":"http://twitter.com/search?q=%22Happy+Earth+Day%22","timestamp":"2014-04-22 12:14:37 +0000"}
{"woeid":"23424848","the_date":"20140422","sdoid":"1","as_of":"2014-04-22T12:14:36","title":"#ArrestTogadia","url":"http://twitter.com/search?q=%23ArrestTogadia","timestamp":"2014-04-22 12:14:37 +0000"}
{"woeid":"23424848","the_date":"20140422","sdoid":"1","as_of":"2014-04-22T12:14:36","title":"#AdityaChopra","url":"http://twitter.com/search?q=%23AdityaChopra","timestamp":"2014-04-22 12:14:37 +0000"}
{"woeid":"23424848","the_date":"20140422","sdoid":"1","as_of":"2014-04-22T12:14:36","title":"American Swan","url":"http://twitter.com/search?q=%22American+Swan%22","timestamp":"2014-04-22 12:14:37 +0000"}
{"woeid":"23424848","the_date":"20140422","sdoid":"1","as_of":"2014-04-22T12:14:36","title":"John Players","url":"http://twitter.com/search?q=%22John+Players%22","timestamp":"2014-04-22 12:14:37 +0000"}
{"woeid":"23424848","the_date":"20140422","sdoid":"1","as_of":"2014-04-22T12:14:36","title":"Jack and Jones","url":"http://twitter.com/search?q=%22Jack+and+Jones%22","timestamp":"2014-04-22 12:14:37 +0000"}
{"woeid":"23424848","the_date":"20140422","sdoid":"1","as_of":"2014-04-22T12:14:36","title":"The Chosen One","url":"http://twitter.com/search?q=%22The+Chosen+One%22","timestamp":"2014-04-22 12:14:37 +0000"}
{"woeid":"23424846","the_date":"20140422","sdoid":"1","as_of":"2014-04-22T12:16:32","title":"#KakaoTalkJKT48","url":"http://twitter.com/search?q=%23KakaoTalkJKT48","timestamp":"2014-04-22 12:16:33 +0000"}
{"woeid":"23424846","the_date":"20140422","sdoid":"1","as_of":"2014-04-22T12:16:32","title":"#GantengGantengSerigalaSCTV","url":"http://twitter.com/search?q=%23GantengGantengSerigalaSCTV","timestamp":"2014-04-22 12:16:33 +0000"}
{"woeid":"23424846","the_date":"20140422","sdoid":"1","as_of":"2014-04-22T12:16:32","title":"#ChiBiatHitamPutihT7","url":"http://twitter.com/search?q=%23ChiBiatHitamPutihT7","timestamp":"2014-04-22 12:16:33 +0000"}
{"woeid":"23424846","the_date":"20140422","sdoid":"1","as_of":"2014-04-22T12:16:32","title":"#KasihanMoyes","url":"http://twitter.com/search?q=%23KasihanMoyes","timestamp":"2014-04-22 12:16:33 +0000"}
{"woeid":"23424846","the_date":"20140422","sdoid":"1","as_of":"2014-04-22T12:16:32","title":"#PilihManaNih","url":"http://twitter.com/search?q=%23PilihManaNih","timestamp":"2014-04-22 12:16:33 +0000"}
{"woeid":"23424846","the_date":"20140422","sdoid":"1","as_of":"2014-04-22T12:16:32","title":"Jimmy Neutron","url":"http://twitter.com/search?q=%22Jimmy+Neutron%22","timestamp":"2014-04-22 12:16:33 +0000"}
{"woeid":"23424846","the_date":"20140422","sdoid":"1","as_of":"2014-04-22T12:16:32","title":"YesOrNot LagiJOMBLO","url":"http://twitter.com/search?q=%22YesOrNot+LagiJOMBLO%22","timestamp":"2014-04-22 12:16:33 +0000"}
{"woeid":"23424846","the_date":"20140422","sdoid":"1","as_of":"2014-04-22T12:16:32","title":"Ke Mana Moyes Usai Ini","url":"http://twitter.com/search?q=%22Ke+Mana+Moyes+Usai+Ini%22","timestamp":"2014-04-22 12:16:33 +0000"}
{"woeid":"23424846","the_date":"20140422","sdoid":"1","as_of":"2014-04-22T12:16:32","title":"Zaid Vs Tony","url":"http://twitter.com/search?q=%22Zaid+Vs+Tony%22","timestamp":"2014-04-22 12:16:33 +0000"}
{"woeid":"23424846","the_date":"20140422","sdoid":"1","as_of":"2014-04-22T12:16:32","title":"Bukittinggi Badai","url":"http://twitter.com/search?q=%22Bukittinggi+Badai%22","timestamp":"2014-04-22 12:16:33 +0000"}
{"woeid":"23424846","the_date":"20140422","sdoid":"1","as_of":"2014-04-22T12:17:30","title":"#KakaoTalkJKT48","url":"http://twitter.com/search?q=%23KakaoTalkJKT48","timestamp":"2014-04-22 12:17:31 +0000"}
{"woeid":"23424846","the_date":"20140422","sdoid":"1","as_of":"2014-04-22T12:17:30","title":"#GantengGantengSerigalaSCTV","url":"http://twitter.com/search?q=%23GantengGantengSerigalaSCTV","timestamp":"2014-04-22 12:17:31 +0000"}
{"woeid":"23424846","the_date":"20140422","sdoid":"1","as_of":"2014-04-22T12:17:30","title":"#ChiBiatHitamPutihT7","url":"http://twitter.com/search?q=%23ChiBiatHitamPutihT7","timestamp":"2014-04-22 12:17:31 +0000"}
{"woeid":"23424846","the_date":"20140422","sdoid":"1","as_of":"2014-04-22T12:17:30","title":"#PilihManaNih","url":"http://twitter.com/search?q=%23PilihManaNih","timestamp":"2014-04-22 12:17:31 +0000"}
{"woeid":"23424846","the_date":"20140422","sdoid":"1","as_of":"2014-04-22T12:17:30","title":"#KasihanMoyes","url":"http://twitter.com/search?q=%23KasihanMoyes","timestamp":"2014-04-22 12:17:31 +0000"}
{"woeid":"23424846","the_date":"20140422","sdoid":"1","as_of":"2014-04-22T12:17:30","title":"Jimmy Neutron","url":"http://twitter.com/search?q=%22Jimmy+Neutron%22","timestamp":"2014-04-22 12:17:31 +0000"}
{"woeid":"23424846","the_date":"20140422","sdoid":"1","as_of":"2014-04-22T12:17:30","title":"YesOrNot LagiJOMBLO","url":"http://twitter.com/search?q=%22YesOrNot+LagiJOMBLO%22","timestamp":"2014-04-22 12:17:31 +0000"}
{"woeid":"23424846","the_date":"20140422","sdoid":"1","as_of":"2014-04-22T12:17:30","title":"Ke Mana Moyes Usai Ini","url":"http://twitter.com/search?q=%22Ke+Mana+Moyes+Usai+Ini%22","timestamp":"2014-04-22 12:17:31 +0000"}
{"woeid":"23424846","the_date":"20140422","sdoid":"1","as_of":"2014-04-22T12:17:30","title":"Geli Banget","url":"http://twitter.com/search?q=%22Geli+Banget%22","timestamp":"2014-04-22 12:17:31 +0000"}
{"woeid":"23424846","the_date":"20140422","sdoid":"1","as_of":"2014-04-22T12:17:30","title":"Zaid Vs Tony","url":"http://twitter.com/search?q=%22Zaid+Vs+Tony%22","timestamp":"2014-04-22 12:17:31 +0000"}
{"woeid":"23424852","the_date":"20140422","sdoid":"1","as_of":"2014-04-22T12:18:28","title":"#בזבוז","url":"http://twitter.com/search?q=%23%D7%91%D7%96%D7%91%D7%95%D7%96","timestamp":"2014-04-22 12:18:29 +0000"}
{"woeid":"23424852","the_date":"20140422","sdoid":"1","as_of":"2014-04-22T12:18:28","title":"#פתגמי_נתניה","url":"http://twitter.com/search?q=%23%D7%A4%D7%AA%D7%92%D7%9E%D7%99_%D7%A0%D7%AA%D7%A0%D7%99%D7%94","timestamp":"2014-04-22 12:18:29 +0000"}
{"woeid":"23424852","the_date":"20140422","sdoid":"1","as_of":"2014-04-22T12:18:28","title":"Starbucks","url":"http://twitter.com/search?q=Starbucks","timestamp":"2014-04-22 12:18:29 +0000"}
{"woeid":"23424852","the_date":"20140422","sdoid":"1","as_of":"2014-04-22T12:18:28","title":"#מקצועות_מבאסים","url":"http://twitter.com/search?q=%23%D7%9E%D7%A7%D7%A6%D7%95%D7%A2%D7%95%D7%AA_%D7%9E%D7%91%D7%90%D7%A1%D7%99%D7%9D","timestamp":"2014-04-22 12:18:29 +0000"}
{"woeid":"23424852","the_date":"20140422","sdoid":"1","as_of":"2014-04-22T12:18:28","title":"Passover","url":"http://twitter.com/search?q=Passover","timestamp":"2014-04-22 12:18:29 +0000"}
{"woeid":"23424852","the_date":"20140422","sdoid":"1","as_of":"2014-04-22T12:18:28","title":"Temple Mount","url":"http://twitter.com/search?q=%22Temple+Mount%22","timestamp":"2014-04-22 12:18:29 +0000"}
{"woeid":"23424852","the_date":"20140422","sdoid":"1","as_of":"2014-04-22T12:18:28","title":"Tumblr","url":"http://twitter.com/search?q=Tumblr","timestamp":"2014-04-22 12:18:29 +0000"}
{"woeid":"23424852","the_date":"20140422","sdoid":"1","as_of":"2014-04-22T12:18:28","title":"Spurs","url":"http://twitter.com/search?q=Spurs","timestamp":"2014-04-22 12:18:29 +0000"}
{"woeid":"23424852","the_date":"20140422","sdoid":"1","as_of":"2014-04-22T12:18:28","title":"Syria","url":"http://twitter.com/search?q=Syria","timestamp":"2014-04-22 12:18:29 +0000"}
{"woeid":"23424852","the_date":"20140422","sdoid":"1","as_of":"2014-04-22T12:18:28","title":"#WhenIWakeUpILookLike","url":"http://twitter.com/search?q=%23WhenIWakeUpILookLike","timestamp":"2014-04-22 12:18:29 +0000"}
{"woeid":"23424853","the_date":"20140422","sdoid":"1","as_of":"2014-04-22T12:19:26","title":"#EarthDay2014","url":"http://twitter.com/search?q=%23EarthDay2014","timestamp":"2014-04-22 12:19:27 +0000"}
{"woeid":"23424853","the_date":"20140422","sdoid":"1","as_of":"2014-04-22T12:19:26","title":"#SmileLiam","url":"http://twitter.com/search?q=%23SmileLiam","timestamp":"2014-04-22 12:19:27 +0000"}
{"woeid":"23424853","the_date":"20140422","sdoid":"1","as_of":"2014-04-22T12:19:26","title":"#giornatadellaterra","url":"http://twitter.com/search?q=%23giornatadellaterra","timestamp":"2014-04-22 12:19:27 +0000"}
{"woeid":"23424853","the_date":"20140422","sdoid":"1","as_of":"2014-04-22T12:19:26","title":"#sempreilcuoredavanti","url":"http://twitter.com/search?q=%23sempreilcuoredavanti","timestamp":"2014-04-22 12:19:27 +0000"}
{"woeid":"23424853","the_date":"20140422","sdoid":"1","as_of":"2014-04-22T12:19:26","title":"#pasquetta2014","url":"http://twitter.com/search?q=%23pasquetta2014","timestamp":"2014-04-22 12:19:27 +0000"}
{"woeid":"23424853","the_date":"20140422","sdoid":"1","as_of":"2014-04-22T12:19:26","title":"Cita e Rispondi","url":"http://twitter.com/search?q=%22Cita+e+Rispondi%22","timestamp":"2014-04-22 12:19:27 +0000"}
{"woeid":"23424853","the_date":"20140422","sdoid":"1","as_of":"2014-04-22T12:19:26","title":"Solitudine o Confusione","url":"http://twitter.com/search?q=%22Solitudine+o+Confusione%22","timestamp":"2014-04-22 12:19:27 +0000"}
{"woeid":"23424853","the_date":"20140422","sdoid":"1","as_of":"2014-04-22T12:19:26","title":"Zayn o Harry","url":"http://twitter.com/search?q=%22Zayn+o+Harry%22","timestamp":"2014-04-22 12:19:27 +0000"}
{"woeid":"23424853","the_date":"20140422","sdoid":"1","as_of":"2014-04-22T12:19:26","title":"Slovenia","url":"http://twitter.com/search?q=Slovenia","timestamp":"2014-04-22 12:19:27 +0000"}
{"woeid":"23424853","the_date":"20140422","sdoid":"1","as_of":"2014-04-22T12:19:26","title":"Terra","url":"http://twitter.com/search?q=Terra","timestamp":"2014-04-22 12:19:27 +0000"}
{"woeid":"23424856","the_date":"20140422","sdoid":"1","as_of":"2014-04-22T12:20:24","title":"#身長から150を引いて残った数だけ文字が打てる","url":"http://twitter.com/search?q=%23%E8%BA%AB%E9%95%B7%E3%81%8B%E3%82%89150%E3%82%92%E5%BC%95%E3%81%84%E3%81%A6%E6%AE%8B%E3%81%A3%E3%81%9F%E6%95%B0%E3%81%A0%E3%81%91%E6%96%87%E5%AD%97%E3%81%8C%E6%89%93%E3%81%A6%E3%82%8B","timestamp":"2014-04-22 12:20:25 +0000"}
{"woeid":"23424856","the_date":"20140422","sdoid":"1","as_of":"2014-04-22T12:20:24","title":"#名前の最後にエルをつけると天使になる","url":"http://twitter.com/search?q=%23%E5%90%8D%E5%89%8D%E3%81%AE%E6%9C%80%E5%BE%8C%E3%81%AB%E3%82%A8%E3%83%AB%E3%82%92%E3%81%A4%E3%81%91%E3%82%8B%E3%81%A8%E5%A4%A9%E4%BD%BF%E3%81%AB%E3%81%AA%E3%82%8B","timestamp":"2014-04-22 12:20:25 +0000"}
{"woeid":"23424856","the_date":"20140422","sdoid":"1","as_of":"2014-04-22T12:20:24","title":"ハンター連載","url":"http://twitter.com/search?q=%E3%83%8F%E3%83%B3%E3%82%BF%E3%83%BC%E9%80%A3%E8%BC%89","timestamp":"2014-04-22 12:20:25 +0000"}
{"woeid":"23424856","the_date":"20140422","sdoid":"1","as_of":"2014-04-22T12:20:24","title":"B'z軍団","url":"http://twitter.com/search?q=B%27z%E8%BB%8D%E5%9B%A3","timestamp":"2014-04-22 12:20:25 +0000"}
{"woeid":"23424856","the_date":"20140422","sdoid":"1","as_of":"2014-04-22T12:20:24","title":"章ちゃんtime","url":"http://twitter.com/search?q=%E7%AB%A0%E3%81%A1%E3%82%83%E3%82%93time","timestamp":"2014-04-22 12:20:25 +0000"}
{"woeid":"23424856","the_date":"20140422","sdoid":"1","as_of":"2014-04-22T12:20:24","title":"ヤスTime","url":"http://twitter.com/search?q=%E3%83%A4%E3%82%B9Time","timestamp":"2014-04-22 12:20:25 +0000"}
{"woeid":"23424856","the_date":"20140422","sdoid":"1","as_of":"2014-04-22T12:20:24","title":"福田彩乃","url":"http://twitter.com/search?q=%E7%A6%8F%E7%94%B0%E5%BD%A9%E4%B9%83","timestamp":"2014-04-22 12:20:25 +0000"}
{"woeid":"23424856","the_date":"20140422","sdoid":"1","as_of":"2014-04-22T12:20:24","title":"章大Time","url":"http://twitter.com/search?q=%E7%AB%A0%E5%A4%A7Time","timestamp":"2014-04-22 12:20:25 +0000"}
{"woeid":"23424856","the_date":"20140422","sdoid":"1","as_of":"2014-04-22T12:20:24","title":"オナ丸くん","url":"http://twitter.com/search?q=%E3%82%AA%E3%83%8A%E4%B8%B8%E3%81%8F%E3%82%93","timestamp":"2014-04-22 12:20:25 +0000"}
{"woeid":"23424856","the_date":"20140422","sdoid":"1","as_of":"2014-04-22T12:20:24","title":"モイーズ解任","url":"http://twitter.com/search?q=%E3%83%A2%E3%82%A4%E3%83%BC%E3%82%BA%E8%A7%A3%E4%BB%BB","timestamp":"2014-04-22 12:20:25 +0000"}
{"woeid":"23424863","the_date":"20140422","sdoid":"1","as_of":"2014-04-22T12:21:23","title":"#ThingsMoreSuccessfulThanMoyes","url":"http://twitter.com/search?q=%23ThingsMoreSuccessfulThanMoyes","timestamp":"2014-04-22 12:21:23 +0000"}
{"woeid":"23424863","the_date":"20140422","sdoid":"1","as_of":"2014-04-22T12:21:23","title":"#DavidMoyes","url":"http://twitter.com/search?q=%23DavidMoyes","timestamp":"2014-04-22 12:21:23 +0000"}
{"woeid":"23424863","the_date":"20140422","sdoid":"1","as_of":"2014-04-22T12:21:23","title":"Van Gaal","url":"http://twitter.com/search?q=%22Van+Gaal%22","timestamp":"2014-04-22 12:21:23 +0000"}
{"woeid":"23424863","the_date":"20140422","sdoid":"1","as_of":"2014-04-22T12:21:23","title":"#MUFC","url":"http://twitter.com/search?q=%23MUFC","timestamp":"2014-04-22 12:21:23 +0000"}
{"woeid":"23424863","the_date":"20140422","sdoid":"1","as_of":"2014-04-22T12:21:23","title":"Manchester United","url":"http://twitter.com/search?q=%22Manchester+United%22","timestamp":"2014-04-22 12:21:23 +0000"}
{"woeid":"23424863","the_date":"20140422","sdoid":"1","as_of":"2014-04-22T12:21:23","title":"Top 4","url":"http://twitter.com/search?q=%22Top+4%22","timestamp":"2014-04-22 12:21:23 +0000"}
{"woeid":"23424863","the_date":"20140422","sdoid":"1","as_of":"2014-04-22T12:21:23","title":"Wenger","url":"http://twitter.com/search?q=Wenger","timestamp":"2014-04-22 12:21:23 +0000"}
{"woeid":"23424863","the_date":"20140422","sdoid":"1","as_of":"2014-04-22T12:21:23","title":"West Brom","url":"http://twitter.com/search?q=%22West+Brom%22","timestamp":"2014-04-22 12:21:23 +0000"}
{"woeid":"23424863","the_date":"20140422","sdoid":"1","as_of":"2014-04-22T12:21:23","title":"Ugandan","url":"http://twitter.com/search?q=Ugandan","timestamp":"2014-04-22 12:21:23 +0000"}
{"woeid":"23424863","the_date":"20140422","sdoid":"1","as_of":"2014-04-22T12:21:23","title":"Swahili","url":"http://twitter.com/search?q=Swahili","timestamp":"2014-04-22 12:21:23 +0000"}
{"woeid":"23424901","the_date":"20140422","sdoid":"1","as_of":"2014-04-22T12:22:21","title":"Everton","url":"http://twitter.com/search?q=Everton","timestamp":"2014-04-22 12:22:21 +0000"}
{"woeid":"23424901","the_date":"20140422","sdoid":"1","as_of":"2014-04-22T12:22:21","title":"#SaveMoyes","url":"http://twitter.com/search?q=%23SaveMoyes","timestamp":"2014-04-22 12:22:21 +0000"}
{"woeid":"23424901","the_date":"20140422","sdoid":"1","as_of":"2014-04-22T12:22:21","title":"#ThankYouMoyes","url":"http://twitter.com/search?q=%23ThankYouMoyes","timestamp":"2014-04-22 12:22:21 +0000"}
{"woeid":"23424901","the_date":"20140422","sdoid":"1","as_of":"2014-04-22T12:22:21","title":"Goodbye Moyes","url":"http://twitter.com/search?q=%22Goodbye+Moyes%22","timestamp":"2014-04-22 12:22:21 +0000"}
{"woeid":"23424901","the_date":"20140422","sdoid":"1","as_of":"2014-04-22T12:22:21","title":"The Chosen One","url":"http://twitter.com/search?q=%22The+Chosen+One%22","timestamp":"2014-04-22 12:22:21 +0000"}
{"woeid":"23424901","the_date":"20140422","sdoid":"1","as_of":"2014-04-22T12:22:21","title":"Ryan Giggs","url":"http://twitter.com/search?q=%22Ryan+Giggs%22","timestamp":"2014-04-22 12:22:21 +0000"}
{"woeid":"23424901","the_date":"20140422","sdoid":"1","as_of":"2014-04-22T12:22:21","title":"Van Gaal","url":"http://twitter.com/search?q=%22Van+Gaal%22","timestamp":"2014-04-22 12:22:21 +0000"}
{"woeid":"23424901","the_date":"20140422","sdoid":"1","as_of":"2014-04-22T12:22:21","title":"#GGMU","url":"http://twitter.com/search?q=%23GGMU","timestamp":"2014-04-22 12:22:21 +0000"}
{"woeid":"23424901","the_date":"20140422","sdoid":"1","as_of":"2014-04-22T12:22:21","title":"#MUFC","url":"http://twitter.com/search?q=%23MUFC","timestamp":"2014-04-22 12:22:21 +0000"}
{"woeid":"23424901","the_date":"20140422","sdoid":"1","as_of":"2014-04-22T12:22:21","title":"#throwback","url":"http://twitter.com/search?q=%23throwback","timestamp":"2014-04-22 12:22:21 +0000"}
{"woeid":"23424900","the_date":"20140422","sdoid":"1","as_of":"2014-04-22T12:23:19","title":"David Moyes","url":"http://twitter.com/search?q=%22David+Moyes%22","timestamp":"2014-04-22 12:23:20 +0000"}
{"woeid":"23424900","the_date":"20140422","sdoid":"1","as_of":"2014-04-22T12:23:19","title":"#EPNvsInternet","url":"http://twitter.com/search?q=%23EPNvsInternet","timestamp":"2014-04-22 12:23:20 +0000"}
{"woeid":"23424900","the_date":"20140422","sdoid":"1","as_of":"2014-04-22T12:23:19","title":"#ComoMeRevientaQue","url":"http://twitter.com/search?q=%23ComoMeRevientaQue","timestamp":"2014-04-22 12:23:20 +0000"}
{"woeid":"23424900","the_date":"20140422","sdoid":"1","as_of":"2014-04-22T12:23:19","title":"#QuieroContarQue","url":"http://twitter.com/search?q=%23QuieroContarQue","timestamp":"2014-04-22 12:23:20 +0000"}
{"woeid":"23424900","the_date":"20140422","sdoid":"1","as_of":"2014-04-22T12:23:19","title":"#HolaSoy","url":"http://twitter.com/search?q=%23HolaSoy","timestamp":"2014-04-22 12:23:20 +0000"}
{"woeid":"23424900","the_date":"20140422","sdoid":"1","as_of":"2014-04-22T12:23:19","title":"#LaDudaQueDisfruto","url":"http://twitter.com/search?q=%23LaDudaQueDisfruto","timestamp":"2014-04-22 12:23:20 +0000"}
{"woeid":"23424900","the_date":"20140422","sdoid":"1","as_of":"2014-04-22T12:23:19","title":"Ryan Giggs","url":"http://twitter.com/search?q=%22Ryan+Giggs%22","timestamp":"2014-04-22 12:23:20 +0000"}
{"woeid":"23424900","the_date":"20140422","sdoid":"1","as_of":"2014-04-22T12:23:19","title":"What's Happening in Mexico","url":"http://twitter.com/search?q=%22What%27s+Happening+in+Mexico%22","timestamp":"2014-04-22 12:23:20 +0000"}
{"woeid":"23424900","the_date":"20140422","sdoid":"1","as_of":"2014-04-22T12:23:19","title":"Peña Nieto","url":"http://twitter.com/search?q=%22Pe%C3%B1a+Nieto%22","timestamp":"2014-04-22 12:23:20 +0000"}
{"woeid":"23424900","the_date":"20140422","sdoid":"1","as_of":"2014-04-22T12:23:19","title":"México","url":"http://twitter.com/search?q=M%C3%A9xico","timestamp":"2014-04-22 12:23:20 +0000"}
{"woeid":"23424909","the_date":"20140422","sdoid":"1","as_of":"2014-04-22T12:24:17","title":"Moyes","url":"http://twitter.com/search?q=Moyes","timestamp":"2014-04-22 12:24:18 +0000"}
{"woeid":"23424909","the_date":"20140422","sdoid":"1","as_of":"2014-04-22T12:24:17","title":"Nog 4","url":"http://twitter.com/search?q=%22Nog+4%22","timestamp":"2014-04-22 12:24:18 +0000"}
{"woeid":"23424909","the_date":"20140422","sdoid":"1","as_of":"2014-04-22T12:24:17","title":"Van Gaal","url":"http://twitter.com/search?q=%22Van+Gaal%22","timestamp":"2014-04-22 12:24:18 +0000"}
{"woeid":"23424909","the_date":"20140422","sdoid":"1","as_of":"2014-04-22T12:24:17","title":"Manchester United","url":"http://twitter.com/search?q=%22Manchester+United%22","timestamp":"2014-04-22 12:24:18 +0000"}
{"woeid":"23424909","the_date":"20140422","sdoid":"1","as_of":"2014-04-22T12:24:17","title":"Zara","url":"http://twitter.com/search?q=Zara","timestamp":"2014-04-22 12:24:18 +0000"}
{"woeid":"23424909","the_date":"20140422","sdoid":"1","as_of":"2014-04-22T12:24:17","title":"Martin Bril","url":"http://twitter.com/search?q=%22Martin+Bril%22","timestamp":"2014-04-22 12:24:18 +0000"}
{"woeid":"23424909","the_date":"20140422","sdoid":"1","as_of":"2014-04-22T12:24:17","title":"Ron Jans","url":"http://twitter.com/search?q=%22Ron+Jans%22","timestamp":"2014-04-22 12:24:18 +0000"}
{"woeid":"23424909","the_date":"20140422","sdoid":"1","as_of":"2014-04-22T12:24:17","title":"#Koningsdag","url":"http://twitter.com/search?q=%23Koningsdag","timestamp":"2014-04-22 12:24:18 +0000"}
{"woeid":"23424909","the_date":"20140422","sdoid":"1","as_of":"2014-04-22T12:24:17","title":"Problem","url":"http://twitter.com/search?q=Problem","timestamp":"2014-04-22 12:24:18 +0000"}
{"woeid":"23424909","the_date":"20140422","sdoid":"1","as_of":"2014-04-22T12:24:17","title":"#RIPCatValentine","url":"http://twitter.com/search?q=%23RIPCatValentine","timestamp":"2014-04-22 12:24:18 +0000"}
{"woeid":"23424908","the_date":"20140422","sdoid":"1","as_of":"2014-04-22T12:25:15","title":"Everton","url":"http://twitter.com/search?q=Everton","timestamp":"2014-04-22 12:25:16 +0000"}
{"woeid":"23424908","the_date":"20140422","sdoid":"1","as_of":"2014-04-22T12:25:15","title":"#SaveMoyes","url":"http://twitter.com/search?q=%23SaveMoyes","timestamp":"2014-04-22 12:25:16 +0000"}
{"woeid":"23424908","the_date":"20140422","sdoid":"1","as_of":"2014-04-22T12:25:15","title":"#MoyesSacked","url":"http://twitter.com/search?q=%23MoyesSacked","timestamp":"2014-04-22 12:25:16 +0000"}
{"woeid":"23424908","the_date":"20140422","sdoid":"1","as_of":"2014-04-22T12:25:15","title":"#ANTIDOTEbyjaydonis","url":"http://twitter.com/search?q=%23ANTIDOTEbyjaydonis","timestamp":"2014-04-22 12:25:16 +0000"}
{"woeid":"23424908","the_date":"20140422","sdoid":"1","as_of":"2014-04-22T12:25:15","title":"#BaddotourUSA","url":"http://twitter.com/search?q=%23BaddotourUSA","timestamp":"2014-04-22 12:25:16 +0000"}
{"woeid":"23424908","the_date":"20140422","sdoid":"1","as_of":"2014-04-22T12:25:15","title":"#sambabyprinceZango","url":"http://twitter.com/search?q=%23sambabyprinceZango","timestamp":"2014-04-22 12:25:16 +0000"}
{"woeid":"23424908","the_date":"20140422","sdoid":"1","as_of":"2014-04-22T12:25:15","title":"Ryan Giggs","url":"http://twitter.com/search?q=%22Ryan+Giggs%22","timestamp":"2014-04-22 12:25:16 +0000"}
{"woeid":"23424908","the_date":"20140422","sdoid":"1","as_of":"2014-04-22T12:25:15","title":"Van Gaal","url":"http://twitter.com/search?q=%22Van+Gaal%22","timestamp":"2014-04-22 12:25:16 +0000"}
{"woeid":"23424908","the_date":"20140422","sdoid":"1","as_of":"2014-04-22T12:25:15","title":"The Chosen One","url":"http://twitter.com/search?q=%22The+Chosen+One%22","timestamp":"2014-04-22 12:25:16 +0000"}
{"woeid":"23424908","the_date":"20140422","sdoid":"1","as_of":"2014-04-22T12:25:15","title":"What's for Breakfast","url":"http://twitter.com/search?q=%22What%27s+for+Breakfast%22","timestamp":"2014-04-22 12:25:16 +0000"}
{"woeid":"23424910","the_date":"20140422","sdoid":"1","as_of":"2014-04-22T12:26:13","title":"Moyes","url":"http://twitter.com/search?q=Moyes","timestamp":"2014-04-22 12:26:14 +0000"}
{"woeid":"23424910","the_date":"20140422","sdoid":"1","as_of":"2014-04-22T12:26:13","title":"Van Gaal","url":"http://twitter.com/search?q=%22Van+Gaal%22","timestamp":"2014-04-22 12:26:14 +0000"}
{"woeid":"23424910","the_date":"20140422","sdoid":"1","as_of":"2014-04-22T12:26:13","title":"Norway","url":"http://twitter.com/search?q=Norway","timestamp":"2014-04-22 12:26:14 +0000"}
{"woeid":"23424910","the_date":"20140422","sdoid":"1","as_of":"2014-04-22T12:26:13","title":"Sandvika","url":"http://twitter.com/search?q=Sandvika","timestamp":"2014-04-22 12:26:14 +0000"}
{"woeid":"23424910","the_date":"20140422","sdoid":"1","as_of":"2014-04-22T12:26:13","title":"#unitedno","url":"http://twitter.com/search?q=%23unitedno","timestamp":"2014-04-22 12:26:14 +0000"}
{"woeid":"23424910","the_date":"20140422","sdoid":"1","as_of":"2014-04-22T12:26:13","title":"Isac","url":"http://twitter.com/search?q=Isac","timestamp":"2014-04-22 12:26:14 +0000"}
{"woeid":"23424910","the_date":"20140422","sdoid":"1","as_of":"2014-04-22T12:26:13","title":"Oslo","url":"http://twitter.com/search?q=Oslo","timestamp":"2014-04-22 12:26:14 +0000"}
{"woeid":"23424910","the_date":"20140422","sdoid":"1","as_of":"2014-04-22T12:26:13","title":"Norge","url":"http://twitter.com/search?q=Norge","timestamp":"2014-04-22 12:26:14 +0000"}
{"woeid":"23424910","the_date":"20140422","sdoid":"1","as_of":"2014-04-22T12:26:13","title":"#MUFC","url":"http://twitter.com/search?q=%23MUFC","timestamp":"2014-04-22 12:26:14 +0000"}
{"woeid":"23424910","the_date":"20140422","sdoid":"1","as_of":"2014-04-22T12:26:13","title":"Trond Olsen","url":"http://twitter.com/search?q=%22Trond+Olsen%22","timestamp":"2014-04-22 12:26:14 +0000"}
{"woeid":"23424934","the_date":"20140422","sdoid":"1","as_of":"2014-04-22T12:27:11","title":"#MasakitIsipinNa","url":"http://twitter.com/search?q=%23MasakitIsipinNa","timestamp":"2014-04-22 12:27:12 +0000"}
{"woeid":"23424934","the_date":"20140422","sdoid":"1","as_of":"2014-04-22T12:27:11","title":"#PinoysBeLike","url":"http://twitter.com/search?q=%23PinoysBeLike","timestamp":"2014-04-22 12:27:12 +0000"}
{"woeid":"23424934","the_date":"20140422","sdoid":"1","as_of":"2014-04-22T12:27:11","title":"#YanAngBanat","url":"http://twitter.com/search?q=%23YanAngBanat","timestamp":"2014-04-22 12:27:12 +0000"}
{"woeid":"23424934","the_date":"20140422","sdoid":"1","as_of":"2014-04-22T12:27:11","title":"#TipsParaMakapuntaSaDOS","url":"http://twitter.com/search?q=%23TipsParaMakapuntaSaDOS","timestamp":"2014-04-22 12:27:12 +0000"}
{"woeid":"23424934","the_date":"20140422","sdoid":"1","as_of":"2014-04-22T12:27:11","title":"#DyesebelRebelasyonNgPinagmulan","url":"http://twitter.com/search?q=%23DyesebelRebelasyonNgPinagmulan","timestamp":"2014-04-22 12:27:12 +0000"}
{"woeid":"23424934","the_date":"20140422","sdoid":"1","as_of":"2014-04-22T12:27:11","title":"JHABEA Is JAMICH On MAGPAKAILANMAN","url":"http://twitter.com/search?q=%22JHABEA+Is+JAMICH+On+MAGPAKAILANMAN%22","timestamp":"2014-04-22 12:27:12 +0000"}
{"woeid":"23424934","the_date":"20140422","sdoid":"1","as_of":"2014-04-22T12:27:11","title":"ToniGonzaga Joined Twitter","url":"http://twitter.com/search?q=%22ToniGonzaga+Joined+Twitter%22","timestamp":"2014-04-22 12:27:12 +0000"}
{"woeid":"23424934","the_date":"20140422","sdoid":"1","as_of":"2014-04-22T12:27:11","title":"KathNiel At Korea","url":"http://twitter.com/search?q=%22KathNiel+At+Korea%22","timestamp":"2014-04-22 12:27:12 +0000"}
{"woeid":"23424934","the_date":"20140422","sdoid":"1","as_of":"2014-04-22T12:27:11","title":"Sean Anthony","url":"http://twitter.com/search?q=%22Sean+Anthony%22","timestamp":"2014-04-22 12:27:12 +0000"}
{"woeid":"23424934","the_date":"20140422","sdoid":"1","as_of":"2014-04-22T12:27:11","title":"Bryson Andres","url":"http://twitter.com/search?q=%22Bryson+Andres%22","timestamp":"2014-04-22 12:27:12 +0000"}
{"woeid":"23424923","the_date":"20140422","sdoid":"1","as_of":"2014-04-22T12:28:09","title":"David Moyes","url":"http://twitter.com/search?q=%22David+Moyes%22","timestamp":"2014-04-22 12:28:10 +0000"}
{"woeid":"23424923","the_date":"20140422","sdoid":"1","as_of":"2014-04-22T12:28:09","title":"#egzamingimnazjalny","url":"http://twitter.com/search?q=%23egzamingimnazjalny","timestamp":"2014-04-22 12:28:10 +0000"}
{"woeid":"23424923","the_date":"20140422","sdoid":"1","as_of":"2014-04-22T12:28:09","title":"#TwitterowiczkiJakoMamy","url":"http://twitter.com/search?q=%23TwitterowiczkiJakoMamy","timestamp":"2014-04-22 12:28:10 +0000"}
{"woeid":"23424923","the_date":"20140422","sdoid":"1","as_of":"2014-04-22T12:28:09","title":"You&I","url":"http://twitter.com/search?q=You%26I","timestamp":"2014-04-22 12:28:10 +0000"}
{"woeid":"23424923","the_date":"20140422","sdoid":"1","as_of":"2014-04-22T12:28:09","title":"#NieJestemTróDajrekszioner","url":"http://twitter.com/search?q=%23NieJestemTr%C3%B3Dajrekszioner","timestamp":"2014-04-22 12:28:10 +0000"}
{"woeid":"23424923","the_date":"20140422","sdoid":"1","as_of":"2014-04-22T12:28:09","title":"#powtorkaprzedegzaminem","url":"http://twitter.com/search?q=%23powtorkaprzedegzaminem","timestamp":"2014-04-22 12:28:10 +0000"}
{"woeid":"23424923","the_date":"20140422","sdoid":"1","as_of":"2014-04-22T12:28:09","title":"#6DaysUntilProblem","url":"http://twitter.com/search?q=%236DaysUntilProblem","timestamp":"2014-04-22 12:28:10 +0000"}
{"woeid":"23424923","the_date":"20140422","sdoid":"1","as_of":"2014-04-22T12:28:09","title":"Twojego","url":"http://twitter.com/search?q=Twojego","timestamp":"2014-04-22 12:28:10 +0000"}
{"woeid":"23424923","the_date":"20140422","sdoid":"1","as_of":"2014-04-22T12:28:09","title":"Twoich","url":"http://twitter.com/search?q=Twoich","timestamp":"2014-04-22 12:28:10 +0000"}
{"woeid":"23424923","the_date":"20140422","sdoid":"1","as_of":"2014-04-22T12:28:09","title":"United","url":"http://twitter.com/search?q=United","timestamp":"2014-04-22 12:28:10 +0000"}
{"woeid":"23424925","the_date":"20140422","sdoid":"1","as_of":"2014-04-22T12:29:07","title":"#CenasQueMaisMeIrritam","url":"http://twitter.com/search?q=%23CenasQueMaisMeIrritam","timestamp":"2014-04-22 12:29:08 +0000"}
{"woeid":"23424925","the_date":"20140422","sdoid":"1","as_of":"2014-04-22T12:29:07","title":"#twitteroff","url":"http://twitter.com/search?q=%23twitteroff","timestamp":"2014-04-22 12:29:08 +0000"}
{"woeid":"23424925","the_date":"20140422","sdoid":"1","as_of":"2014-04-22T12:29:07","title":"#AEscolaEraBoaSe","url":"http://twitter.com/search?q=%23AEscolaEraBoaSe","timestamp":"2014-04-22 12:29:08 +0000"}
{"woeid":"23424925","the_date":"20140422","sdoid":"1","as_of":"2014-04-22T12:29:07","title":"#QuandoFicoComCiúmes","url":"http://twitter.com/search?q=%23QuandoFicoComCi%C3%BAmes","timestamp":"2014-04-22 12:29:08 +0000"}
{"woeid":"23424925","the_date":"20140422","sdoid":"1","as_of":"2014-04-22T12:29:07","title":"#RazõesParaEuNãoGostarDaEscola","url":"http://twitter.com/search?q=%23Raz%C3%B5esParaEuN%C3%A3oGostarDaEscola","timestamp":"2014-04-22 12:29:08 +0000"}
{"woeid":"23424925","the_date":"20140422","sdoid":"1","as_of":"2014-04-22T12:29:07","title":"The Walking Dead","url":"http://twitter.com/search?q=%22The+Walking+Dead%22","timestamp":"2014-04-22 12:29:08 +0000"}
{"woeid":"23424925","the_date":"20140422","sdoid":"1","as_of":"2014-04-22T12:29:07","title":"Português","url":"http://twitter.com/search?q=Portugu%C3%AAs","timestamp":"2014-04-22 12:29:08 +0000"}
{"woeid":"23424925","the_date":"20140422","sdoid":"1","as_of":"2014-04-22T12:29:07","title":"Terra","url":"http://twitter.com/search?q=Terra","timestamp":"2014-04-22 12:29:08 +0000"}
{"woeid":"23424925","the_date":"20140422","sdoid":"1","as_of":"2014-04-22T12:29:07","title":"Inês","url":"http://twitter.com/search?q=In%C3%AAs","timestamp":"2014-04-22 12:29:08 +0000"}
{"woeid":"23424925","the_date":"20140422","sdoid":"1","as_of":"2014-04-22T12:29:07","title":"Lisboa","url":"http://twitter.com/search?q=Lisboa","timestamp":"2014-04-22 12:29:08 +0000"}
{"woeid":"23424936","the_date":"20140422","sdoid":"1","as_of":"2014-04-22T12:30:06","title":"#гонаЛесбос","url":"http://twitter.com/search?q=%23%D0%B3%D0%BE%D0%BD%D0%B0%D0%9B%D0%B5%D1%81%D0%B1%D0%BE%D1%81","timestamp":"2014-04-22 12:30:06 +0000"}
{"woeid":"23424936","the_date":"20140422","sdoid":"1","as_of":"2014-04-22T12:30:06","title":"#вечернийургант","url":"http://twitter.com/search?q=%23%D0%B2%D0%B5%D1%87%D0%B5%D1%80%D0%BD%D0%B8%D0%B9%D1%83%D1%80%D0%B3%D0%B0%D0%BD%D1%82","timestamp":"2014-04-22 12:30:06 +0000"}
{"woeid":"23424936","the_date":"20140422","sdoid":"1","as_of":"2014-04-22T12:30:06","title":"Самооборона 100","url":"http://twitter.com/search?q=%22%D0%A1%D0%B0%D0%BC%D0%BE%D0%BE%D0%B1%D0%BE%D1%80%D0%BE%D0%BD%D0%B0+100%22","timestamp":"2014-04-22 12:30:06 +0000"}
{"woeid":"23424936","the_date":"20140422","sdoid":"1","as_of":"2014-04-22T12:30:06","title":"Санкт-Петербург","url":"http://twitter.com/search?q=%D0%A1%D0%B0%D0%BD%D0%BA%D1%82-%D0%9F%D0%B5%D1%82%D0%B5%D1%80%D0%B1%D1%83%D1%80%D0%B3","timestamp":"2014-04-22 12:30:06 +0000"}
{"woeid":"23424936","the_date":"20140422","sdoid":"1","as_of":"2014-04-22T12:30:06","title":"Проблемы","url":"http://twitter.com/search?q=%D0%9F%D1%80%D0%BE%D0%B1%D0%BB%D0%B5%D0%BC%D1%8B","timestamp":"2014-04-22 12:30:06 +0000"}
{"woeid":"23424936","the_date":"20140422","sdoid":"1","as_of":"2014-04-22T12:30:06","title":"Земли","url":"http://twitter.com/search?q=%D0%97%D0%B5%D0%BC%D0%BB%D0%B8","timestamp":"2014-04-22 12:30:06 +0000"}
{"woeid":"23424936","the_date":"20140422","sdoid":"1","as_of":"2014-04-22T12:30:06","title":"#анекдот","url":"http://twitter.com/search?q=%23%D0%B0%D0%BD%D0%B5%D0%BA%D0%B4%D0%BE%D1%82","timestamp":"2014-04-22 12:30:06 +0000"}
{"woeid":"23424936","the_date":"20140422","sdoid":"1","as_of":"2014-04-22T12:30:06","title":"Ленина","url":"http://twitter.com/search?q=%D0%9B%D0%B5%D0%BD%D0%B8%D0%BD%D0%B0","timestamp":"2014-04-22 12:30:06 +0000"}
{"woeid":"23424936","the_date":"20140422","sdoid":"1","as_of":"2014-04-22T12:30:06","title":"С Днем Рождения","url":"http://twitter.com/search?q=%22%D0%A1+%D0%94%D0%BD%D0%B5%D0%BC+%D0%A0%D0%BE%D0%B6%D0%B4%D0%B5%D0%BD%D0%B8%D1%8F%22","timestamp":"2014-04-22 12:30:06 +0000"}
{"woeid":"23424936","the_date":"20140422","sdoid":"1","as_of":"2014-04-22T12:30:06","title":"Питере","url":"http://twitter.com/search?q=%D0%9F%D0%B8%D1%82%D0%B5%D1%80%D0%B5","timestamp":"2014-04-22 12:30:06 +0000"}
{"woeid":"23424948","the_date":"20140422","sdoid":"1","as_of":"2014-04-22T12:32:02","title":"Moyes","url":"http://twitter.com/search?q=Moyes","timestamp":"2014-04-22 12:32:02 +0000"}
{"woeid":"23424948","the_date":"20140422","sdoid":"1","as_of":"2014-04-22T12:32:02","title":"Ryan Giggs","url":"http://twitter.com/search?q=%22Ryan+Giggs%22","timestamp":"2014-04-22 12:32:02 +0000"}
{"woeid":"23424948","the_date":"20140422","sdoid":"1","as_of":"2014-04-22T12:32:02","title":"#MoyesOut","url":"http://twitter.com/search?q=%23MoyesOut","timestamp":"2014-04-22 12:32:02 +0000"}
{"woeid":"23424948","the_date":"20140422","sdoid":"1","as_of":"2014-04-22T12:32:02","title":"Van Gaal","url":"http://twitter.com/search?q=%22Van+Gaal%22","timestamp":"2014-04-22 12:32:02 +0000"}
{"woeid":"23424948","the_date":"20140422","sdoid":"1","as_of":"2014-04-22T12:32:02","title":"Man U","url":"http://twitter.com/search?q=%22Man+U%22","timestamp":"2014-04-22 12:32:02 +0000"}
{"woeid":"23424948","the_date":"20140422","sdoid":"1","as_of":"2014-04-22T12:32:02","title":"#GGMU","url":"http://twitter.com/search?q=%23GGMU","timestamp":"2014-04-22 12:32:02 +0000"}
{"woeid":"23424948","the_date":"20140422","sdoid":"1","as_of":"2014-04-22T12:32:02","title":"#MUFC","url":"http://twitter.com/search?q=%23MUFC","timestamp":"2014-04-22 12:32:02 +0000"}
{"woeid":"23424948","the_date":"20140422","sdoid":"1","as_of":"2014-04-22T12:32:02","title":"Manchester United","url":"http://twitter.com/search?q=%22Manchester+United%22","timestamp":"2014-04-22 12:32:02 +0000"}
{"woeid":"23424948","the_date":"20140422","sdoid":"1","as_of":"2014-04-22T12:32:02","title":"Singapore Polytechnic","url":"http://twitter.com/search?q=%22Singapore+Polytechnic%22","timestamp":"2014-04-22 12:32:02 +0000"}
{"woeid":"23424948","the_date":"20140422","sdoid":"1","as_of":"2014-04-22T12:32:02","title":"Old Trafford","url":"http://twitter.com/search?q=%22Old+Trafford%22","timestamp":"2014-04-22 12:32:02 +0000"}
{"woeid":"23424942","the_date":"20140422","sdoid":"1","as_of":"2014-04-22T12:33:00","title":"Everton","url":"http://twitter.com/search?q=Everton","timestamp":"2014-04-22 12:33:01 +0000"}
{"woeid":"23424942","the_date":"20140422","sdoid":"1","as_of":"2014-04-22T12:33:00","title":"#ThingsMoreSuccessfulThanMoyes","url":"http://twitter.com/search?q=%23ThingsMoreSuccessfulThanMoyes","timestamp":"2014-04-22 12:33:01 +0000"}
{"woeid":"23424942","the_date":"20140422","sdoid":"1","as_of":"2014-04-22T12:33:00","title":"#DavidMoyes","url":"http://twitter.com/search?q=%23DavidMoyes","timestamp":"2014-04-22 12:33:01 +0000"}
{"woeid":"23424942","the_date":"20140422","sdoid":"1","as_of":"2014-04-22T12:33:00","title":"Ryan Giggs","url":"http://twitter.com/search?q=%22Ryan+Giggs%22","timestamp":"2014-04-22 12:33:01 +0000"}
{"woeid":"23424942","the_date":"20140422","sdoid":"1","as_of":"2014-04-22T12:33:00","title":"Van Gaal","url":"http://twitter.com/search?q=%22Van+Gaal%22","timestamp":"2014-04-22 12:33:01 +0000"}
{"woeid":"23424942","the_date":"20140422","sdoid":"1","as_of":"2014-04-22T12:33:00","title":"#947NoTalkTuesday","url":"http://twitter.com/search?q=%23947NoTalkTuesday","timestamp":"2014-04-22 12:33:01 +0000"}
{"woeid":"23424942","the_date":"20140422","sdoid":"1","as_of":"2014-04-22T12:33:00","title":"#BostonMarathon","url":"http://twitter.com/search?q=%23BostonMarathon","timestamp":"2014-04-22 12:33:01 +0000"}
{"woeid":"23424942","the_date":"20140422","sdoid":"1","as_of":"2014-04-22T12:33:00","title":"#MUFC","url":"http://twitter.com/search?q=%23MUFC","timestamp":"2014-04-22 12:33:01 +0000"}
{"woeid":"23424942","the_date":"20140422","sdoid":"1","as_of":"2014-04-22T12:33:00","title":"Fergie","url":"http://twitter.com/search?q=Fergie","timestamp":"2014-04-22 12:33:01 +0000"}
{"woeid":"23424942","the_date":"20140422","sdoid":"1","as_of":"2014-04-22T12:33:00","title":"Man United","url":"http://twitter.com/search?q=%22Man+United%22","timestamp":"2014-04-22 12:33:01 +0000"}
{"woeid":"23424868","the_date":"20140422","sdoid":"1","as_of":"2014-04-22T12:33:58","title":"#우리_장르식으로_욕을_해보자","url":"http://twitter.com/search?q=%23%EC%9A%B0%EB%A6%AC_%EC%9E%A5%EB%A5%B4%EC%8B%9D%EC%9C%BC%EB%A1%9C_%EC%9A%95%EC%9D%84_%ED%95%B4%EB%B3%B4%EC%9E%90","timestamp":"2014-04-22 12:33:59 +0000"}
{"woeid":"23424868","the_date":"20140422","sdoid":"1","as_of":"2014-04-22T12:33:58","title":"#rt당_갖고있는_버릇","url":"http://twitter.com/search?q=%23rt%EB%8B%B9_%EA%B0%96%EA%B3%A0%EC%9E%88%EB%8A%94_%EB%B2%84%EB%A6%87","timestamp":"2014-04-22 12:33:59 +0000"}
{"woeid":"23424868","the_date":"20140422","sdoid":"1","as_of":"2014-04-22T12:33:58","title":"#인장이_내는_소리를_써보자","url":"http://twitter.com/search?q=%23%EC%9D%B8%EC%9E%A5%EC%9D%B4_%EB%82%B4%EB%8A%94_%EC%86%8C%EB%A6%AC%EB%A5%BC_%EC%8D%A8%EB%B3%B4%EC%9E%90","timestamp":"2014-04-22 12:33:59 +0000"}
{"woeid":"23424868","the_date":"20140422","sdoid":"1","as_of":"2014-04-22T12:33:58","title":"실종자 가족","url":"http://twitter.com/search?q=%22%EC%8B%A4%EC%A2%85%EC%9E%90+%EA%B0%80%EC%A1%B1%22","timestamp":"2014-04-22 12:33:59 +0000"}
{"woeid":"23424868","the_date":"20140422","sdoid":"1","as_of":"2014-04-22T12:33:58","title":"다이빙벨","url":"http://twitter.com/search?q=%EB%8B%A4%EC%9D%B4%EB%B9%99%EB%B2%A8","timestamp":"2014-04-22 12:33:59 +0000"}
{"woeid":"23424868","the_date":"20140422","sdoid":"1","as_of":"2014-04-22T12:33:58","title":"#어른이_되고_나서_알게_된_것","url":"http://twitter.com/search?q=%23%EC%96%B4%EB%A5%B8%EC%9D%B4_%EB%90%98%EA%B3%A0_%EB%82%98%EC%84%9C_%EC%95%8C%EA%B2%8C_%EB%90%9C_%EA%B2%83","timestamp":"2014-04-22 12:33:59 +0000"}
{"woeid":"23424868","the_date":"20140422","sdoid":"1","as_of":"2014-04-22T12:33:58","title":"시험기간","url":"http://twitter.com/search?q=%EC%8B%9C%ED%97%98%EA%B8%B0%EA%B0%84","timestamp":"2014-04-22 12:33:59 +0000"}
{"woeid":"23424868","the_date":"20140422","sdoid":"1","as_of":"2014-04-22T12:33:58","title":"#최애캐_풀네임을_눈감고_쳐보자","url":"http://twitter.com/search?q=%23%EC%B5%9C%EC%95%A0%EC%BA%90_%ED%92%80%EB%84%A4%EC%9E%84%EC%9D%84_%EB%88%88%EA%B0%90%EA%B3%A0_%EC%B3%90%EB%B3%B4%EC%9E%90","timestamp":"2014-04-22 12:33:59 +0000"}
{"woeid":"23424868","the_date":"20140422","sdoid":"1","as_of":"2014-04-22T12:33:58","title":"테크웨이","url":"http://twitter.com/search?q=%ED%85%8C%ED%81%AC%EC%9B%A8%EC%9D%B4","timestamp":"2014-04-22 12:33:59 +0000"}
{"woeid":"23424868","the_date":"20140422","sdoid":"1","as_of":"2014-04-22T12:33:58","title":"카게야마","url":"http://twitter.com/search?q=%EC%B9%B4%EA%B2%8C%EC%95%BC%EB%A7%88","timestamp":"2014-04-22 12:33:59 +0000"}
{"woeid":"23424954","the_date":"20140422","sdoid":"1","as_of":"2014-04-22T12:34:56","title":"Moyes","url":"http://twitter.com/search?q=Moyes","timestamp":"2014-04-22 12:34:57 +0000"}
{"woeid":"23424954","the_date":"20140422","sdoid":"1","as_of":"2014-04-22T12:34:56","title":"Norrköping","url":"http://twitter.com/search?q=Norrk%C3%B6ping","timestamp":"2014-04-22 12:34:57 +0000"}
{"woeid":"23424954","the_date":"20140422","sdoid":"1","as_of":"2014-04-22T12:34:56","title":"Skåne","url":"http://twitter.com/search?q=Sk%C3%A5ne","timestamp":"2014-04-22 12:34:57 +0000"}
{"woeid":"23424954","the_date":"20140422","sdoid":"1","as_of":"2014-04-22T12:34:56","title":"Färjestad","url":"http://twitter.com/search?q=F%C3%A4rjestad","timestamp":"2014-04-22 12:34:57 +0000"}
{"woeid":"23424954","the_date":"20140422","sdoid":"1","as_of":"2014-04-22T12:34:56","title":"Göteborg","url":"http://twitter.com/search?q=G%C3%B6teborg","timestamp":"2014-04-22 12:34:57 +0000"}
{"woeid":"23424954","the_date":"20140422","sdoid":"1","as_of":"2014-04-22T12:34:56","title":"Thente","url":"http://twitter.com/search?q=Thente","timestamp":"2014-04-22 12:34:57 +0000"}
{"woeid":"23424954","the_date":"20140422","sdoid":"1","as_of":"2014-04-22T12:34:56","title":"Ängelholm","url":"http://twitter.com/search?q=%C3%84ngelholm","timestamp":"2014-04-22 12:34:57 +0000"}
{"woeid":"23424954","the_date":"20140422","sdoid":"1","as_of":"2014-04-22T12:34:56","title":"Skellefteå AIK","url":"http://twitter.com/search?q=%22Skellefte%C3%A5+AIK%22","timestamp":"2014-04-22 12:34:57 +0000"}
{"woeid":"23424954","the_date":"20140422","sdoid":"1","as_of":"2014-04-22T12:34:56","title":"Västerås","url":"http://twitter.com/search?q=V%C3%A4ster%C3%A5s","timestamp":"2014-04-22 12:34:57 +0000"}
{"woeid":"23424954","the_date":"20140422","sdoid":"1","as_of":"2014-04-22T12:34:56","title":"Umeå","url":"http://twitter.com/search?q=Ume%C3%A5","timestamp":"2014-04-22 12:34:57 +0000"}
{"woeid":"23424950","the_date":"20140422","sdoid":"1","as_of":"2014-04-22T12:35:54","title":"David Moyes","url":"http://twitter.com/search?q=%22David+Moyes%22","timestamp":"2014-04-22 12:35:55 +0000"}
{"woeid":"23424950","the_date":"20140422","sdoid":"1","as_of":"2014-04-22T12:35:54","title":"#GemeliersHormiguero","url":"http://twitter.com/search?q=%23GemeliersHormiguero","timestamp":"2014-04-22 12:35:55 +0000"}
{"woeid":"23424950","the_date":"20140422","sdoid":"1","as_of":"2014-04-22T12:35:54","title":"#DiadelaTierra","url":"http://twitter.com/search?q=%23DiadelaTierra","timestamp":"2014-04-22 12:35:55 +0000"}
{"woeid":"23424950","the_date":"20140422","sdoid":"1","as_of":"2014-04-22T12:35:54","title":"#BANDO2014","url":"http://twitter.com/search?q=%23BANDO2014","timestamp":"2014-04-22 12:35:55 +0000"}
{"woeid":"23424950","the_date":"20140422","sdoid":"1","as_of":"2014-04-22T12:35:54","title":"#myhyv","url":"http://twitter.com/search?q=%23myhyv","timestamp":"2014-04-22 12:35:55 +0000"}
{"woeid":"23424950","the_date":"20140422","sdoid":"1","as_of":"2014-04-22T12:35:54","title":"Scarlett Johansson","url":"http://twitter.com/search?q=%22Scarlett+Johansson%22","timestamp":"2014-04-22 12:35:55 +0000"}
{"woeid":"23424950","the_date":"20140422","sdoid":"1","as_of":"2014-04-22T12:35:54","title":"Ryan Giggs","url":"http://twitter.com/search?q=%22Ryan+Giggs%22","timestamp":"2014-04-22 12:35:55 +0000"}
{"woeid":"23424950","the_date":"20140422","sdoid":"1","as_of":"2014-04-22T12:35:54","title":"Aguasantas","url":"http://twitter.com/search?q=Aguasantas","timestamp":"2014-04-22 12:35:55 +0000"}
{"woeid":"23424950","the_date":"20140422","sdoid":"1","as_of":"2014-04-22T12:35:54","title":"#4AñosSofaBlancoAlboran","url":"http://twitter.com/search?q=%234A%C3%B1osSofaBlancoAlboran","timestamp":"2014-04-22 12:35:55 +0000"}
{"woeid":"23424950","the_date":"20140422","sdoid":"1","as_of":"2014-04-22T12:35:54","title":"Tío Pepe","url":"http://twitter.com/search?q=%22T%C3%ADo+Pepe%22","timestamp":"2014-04-22 12:35:55 +0000"}
{"woeid":"23424954","the_date":"20140422","sdoid":"1","as_of":"2014-04-22T12:36:52","title":"Moyes","url":"http://twitter.com/search?q=Moyes","timestamp":"2014-04-22 12:36:53 +0000"}
{"woeid":"23424954","the_date":"20140422","sdoid":"1","as_of":"2014-04-22T12:36:52","title":"Norrköping","url":"http://twitter.com/search?q=Norrk%C3%B6ping","timestamp":"2014-04-22 12:36:53 +0000"}
{"woeid":"23424954","the_date":"20140422","sdoid":"1","as_of":"2014-04-22T12:36:52","title":"Skåne","url":"http://twitter.com/search?q=Sk%C3%A5ne","timestamp":"2014-04-22 12:36:53 +0000"}
{"woeid":"23424954","the_date":"20140422","sdoid":"1","as_of":"2014-04-22T12:36:52","title":"Färjestad","url":"http://twitter.com/search?q=F%C3%A4rjestad","timestamp":"2014-04-22 12:36:53 +0000"}
{"woeid":"23424954","the_date":"20140422","sdoid":"1","as_of":"2014-04-22T12:36:52","title":"Göteborg","url":"http://twitter.com/search?q=G%C3%B6teborg","timestamp":"2014-04-22 12:36:53 +0000"}
{"woeid":"23424954","the_date":"20140422","sdoid":"1","as_of":"2014-04-22T12:36:52","title":"Thente","url":"http://twitter.com/search?q=Thente","timestamp":"2014-04-22 12:36:53 +0000"}
{"woeid":"23424954","the_date":"20140422","sdoid":"1","as_of":"2014-04-22T12:36:52","title":"Ängelholm","url":"http://twitter.com/search?q=%C3%84ngelholm","timestamp":"2014-04-22 12:36:53 +0000"}
{"woeid":"23424954","the_date":"20140422","sdoid":"1","as_of":"2014-04-22T12:36:52","title":"Skellefteå AIK","url":"http://twitter.com/search?q=%22Skellefte%C3%A5+AIK%22","timestamp":"2014-04-22 12:36:53 +0000"}
{"woeid":"23424954","the_date":"20140422","sdoid":"1","as_of":"2014-04-22T12:36:52","title":"Västerås","url":"http://twitter.com/search?q=V%C3%A4ster%C3%A5s","timestamp":"2014-04-22 12:36:53 +0000"}
{"woeid":"23424954","the_date":"20140422","sdoid":"1","as_of":"2014-04-22T12:36:52","title":"Umeå","url":"http://twitter.com/search?q=Ume%C3%A5","timestamp":"2014-04-22 12:36:53 +0000"}
{"woeid":"23424957","the_date":"20140422","sdoid":"1","as_of":"2014-04-22T12:37:50","title":"#WhenIWakeUpILookLike","url":"http://twitter.com/search?q=%23WhenIWakeUpILookLike","timestamp":"2014-04-22 12:37:51 +0000"}
{"woeid":"23424957","the_date":"20140422","sdoid":"1","as_of":"2014-04-22T12:37:50","title":"#Cupfinal","url":"http://twitter.com/search?q=%23Cupfinal","timestamp":"2014-04-22 12:37:51 +0000"}
{"woeid":"23424957","the_date":"20140422","sdoid":"1","as_of":"2014-04-22T12:37:50","title":"#tatort","url":"http://twitter.com/search?q=%23tatort","timestamp":"2014-04-22 12:37:51 +0000"}
{"woeid":"23424957","the_date":"20140422","sdoid":"1","as_of":"2014-04-22T12:37:50","title":"#topchef","url":"http://twitter.com/search?q=%23topchef","timestamp":"2014-04-22 12:37:51 +0000"}
{"woeid":"23424957","the_date":"20140422","sdoid":"1","as_of":"2014-04-22T12:37:50","title":"Happy Easter","url":"http://twitter.com/search?q=%22Happy+Easter%22","timestamp":"2014-04-22 12:37:51 +0000"}
{"woeid":"23424957","the_date":"20140422","sdoid":"1","as_of":"2014-04-22T12:37:50","title":"Switzerland","url":"http://twitter.com/search?q=Switzerland","timestamp":"2014-04-22 12:37:51 +0000"}
{"woeid":"23424957","the_date":"20140422","sdoid":"1","as_of":"2014-04-22T12:37:50","title":"Pâques","url":"http://twitter.com/search?q=P%C3%A2ques","timestamp":"2014-04-22 12:37:51 +0000"}
{"woeid":"23424957","the_date":"20140422","sdoid":"1","as_of":"2014-04-22T12:37:50","title":"Pierre","url":"http://twitter.com/search?q=Pierre","timestamp":"2014-04-22 12:37:51 +0000"}
{"woeid":"23424957","the_date":"20140422","sdoid":"1","as_of":"2014-04-22T12:37:50","title":"WWAT","url":"http://twitter.com/search?q=WWAT","timestamp":"2014-04-22 12:37:51 +0000"}
{"woeid":"23424957","the_date":"20140422","sdoid":"1","as_of":"2014-04-22T12:37:50","title":"Zurich","url":"http://twitter.com/search?q=Zurich","timestamp":"2014-04-22 12:37:51 +0000"}
{"woeid":"23424960","the_date":"20140422","sdoid":"1","as_of":"2014-04-22T12:38:48","title":"David Moyes","url":"http://twitter.com/search?q=%22David+Moyes%22","timestamp":"2014-04-22 12:38:49 +0000"}
{"woeid":"23424960","the_date":"20140422","sdoid":"1","as_of":"2014-04-22T12:38:48","title":"#มหกรรมมาทําทามไลน์ให้มันเย่เฮ้ท","url":"http://twitter.com/search?q=%23%E0%B8%A1%E0%B8%AB%E0%B8%81%E0%B8%A3%E0%B8%A3%E0%B8%A1%E0%B8%A1%E0%B8%B2%E0%B8%97%E0%B9%8D%E0%B8%B2%E0%B8%97%E0%B8%B2%E0%B8%A1%E0%B9%84%E0%B8%A5%E0%B8%99%E0%B9%8C%E0%B9%83%E0%B8%AB%E0%B9%89%E0%B8%A1%E0%B8%B1%E0%B8%99%E0%B9%80%E0%B8%A2%E0%B9%88%E0%B9%80%E0%B8%AE%E0%B9%89%E0%B8%97","timestamp":"2014-04-22 12:38:49 +0000"}
{"woeid":"23424960","the_date":"20140422","sdoid":"1","as_of":"2014-04-22T12:38:48","title":"#มหกรรมอซฟเซลก้า","url":"http://twitter.com/search?q=%23%E0%B8%A1%E0%B8%AB%E0%B8%81%E0%B8%A3%E0%B8%A3%E0%B8%A1%E0%B8%AD%E0%B8%8B%E0%B8%9F%E0%B9%80%E0%B8%8B%E0%B8%A5%E0%B8%81%E0%B9%89%E0%B8%B2","timestamp":"2014-04-22 12:38:49 +0000"}
{"woeid":"23424960","the_date":"20140422","sdoid":"1","as_of":"2014-04-22T12:38:48","title":"#SaveMoyes","url":"http://twitter.com/search?q=%23SaveMoyes","timestamp":"2014-04-22 12:38:49 +0000"}
{"woeid":"23424960","the_date":"20140422","sdoid":"1","as_of":"2014-04-22T12:38:48","title":"#TohoTreeTour","url":"http://twitter.com/search?q=%23TohoTreeTour","timestamp":"2014-04-22 12:38:49 +0000"}
{"woeid":"23424960","the_date":"20140422","sdoid":"1","as_of":"2014-04-22T12:38:48","title":"#HBDบร๊ะเจ้า29th","url":"http://twitter.com/search?q=%23HBD%E0%B8%9A%E0%B8%A3%E0%B9%8A%E0%B8%B0%E0%B9%80%E0%B8%88%E0%B9%89%E0%B8%B229th","timestamp":"2014-04-22 12:38:49 +0000"}
{"woeid":"23424960","the_date":"20140422","sdoid":"1","as_of":"2014-04-22T12:38:48","title":"Pathum Wan","url":"http://twitter.com/search?q=%22Pathum+Wan%22","timestamp":"2014-04-22 12:38:49 +0000"}
{"woeid":"23424960","the_date":"20140422","sdoid":"1","as_of":"2014-04-22T12:38:48","title":"Red Ocean","url":"http://twitter.com/search?q=%22Red+Ocean%22","timestamp":"2014-04-22 12:38:49 +0000"}
{"woeid":"23424960","the_date":"20140422","sdoid":"1","as_of":"2014-04-22T12:38:48","title":"Siam Paragon","url":"http://twitter.com/search?q=%22Siam+Paragon%22","timestamp":"2014-04-22 12:38:49 +0000"}
{"woeid":"23424960","the_date":"20140422","sdoid":"1","as_of":"2014-04-22T12:38:48","title":"Shanghai Airport","url":"http://twitter.com/search?q=%22Shanghai+Airport%22","timestamp":"2014-04-22 12:38:49 +0000"}
{"woeid":"23424969","the_date":"20140422","sdoid":"1","as_of":"2014-04-22T12:39:47","title":"David Moyes","url":"http://twitter.com/search?q=%22David+Moyes%22","timestamp":"2014-04-22 12:39:47 +0000"}
{"woeid":"23424969","the_date":"20140422","sdoid":"1","as_of":"2014-04-22T12:39:47","title":"#SevdiğimLaf","url":"http://twitter.com/search?q=%23Sevdi%C4%9FimLaf","timestamp":"2014-04-22 12:39:47 +0000"}
{"woeid":"23424969","the_date":"20140422","sdoid":"1","as_of":"2014-04-22T12:39:47","title":"#ÇekilmezOluyor","url":"http://twitter.com/search?q=%23%C3%87ekilmezOluyor","timestamp":"2014-04-22 12:39:47 +0000"}
{"woeid":"23424969","the_date":"20140422","sdoid":"1","as_of":"2014-04-22T12:39:47","title":"#ŞuanKarşımdaOlsan","url":"http://twitter.com/search?q=%23%C5%9EuanKar%C5%9F%C4%B1mdaOlsan","timestamp":"2014-04-22 12:39:47 +0000"}
{"woeid":"23424969","the_date":"20140422","sdoid":"1","as_of":"2014-04-22T12:39:47","title":"#HadiGelSeninle","url":"http://twitter.com/search?q=%23HadiGelSeninle","timestamp":"2014-04-22 12:39:47 +0000"}
{"woeid":"23424969","the_date":"20140422","sdoid":"1","as_of":"2014-04-22T12:39:47","title":"#DikDurEğilmeBuMilletSeninleRTE","url":"http://twitter.com/search?q=%23DikDurE%C4%9FilmeBuMilletSeninleRTE","timestamp":"2014-04-22 12:39:47 +0000"}
{"woeid":"23424969","the_date":"20140422","sdoid":"1","as_of":"2014-04-22T12:39:47","title":"Yarın 23 Nisan","url":"http://twitter.com/search?q=%22Yar%C4%B1n+23+Nisan%22","timestamp":"2014-04-22 12:39:47 +0000"}
{"woeid":"23424969","the_date":"20140422","sdoid":"1","as_of":"2014-04-22T12:39:47","title":"ŞampiyonuSorarlarsa FenerbahçeDersiniz","url":"http://twitter.com/search?q=%22%C5%9EampiyonuSorarlarsa+Fenerbah%C3%A7eDersiniz%22","timestamp":"2014-04-22 12:39:47 +0000"}
{"woeid":"23424969","the_date":"20140422","sdoid":"1","as_of":"2014-04-22T12:39:47","title":"YSK2014YerelSeçimini İPTALet","url":"http://twitter.com/search?q=%22YSK2014YerelSe%C3%A7imini+%C4%B0PTALet%22","timestamp":"2014-04-22 12:39:47 +0000"}
{"woeid":"23424969","the_date":"20140422","sdoid":"1","as_of":"2014-04-22T12:39:47","title":"Adriana Lima","url":"http://twitter.com/search?q=%22Adriana+Lima%22","timestamp":"2014-04-22 12:39:47 +0000"}
{"woeid":"23424976","the_date":"20140422","sdoid":"1","as_of":"2014-04-22T12:40:45","title":"#Citroen","url":"http://twitter.com/search?q=%23Citroen","timestamp":"2014-04-22 12:40:45 +0000"}
{"woeid":"23424976","the_date":"20140422","sdoid":"1","as_of":"2014-04-22T12:40:45","title":"#Автомобиль","url":"http://twitter.com/search?q=%23%D0%90%D0%B2%D1%82%D0%BE%D0%BC%D0%BE%D0%B1%D0%B8%D0%BB%D1%8C","timestamp":"2014-04-22 12:40:45 +0000"}
{"woeid":"23424976","the_date":"20140422","sdoid":"1","as_of":"2014-04-22T12:40:45","title":"#Nissan","url":"http://twitter.com/search?q=%23Nissan","timestamp":"2014-04-22 12:40:45 +0000"}
{"woeid":"23424976","the_date":"20140422","sdoid":"1","as_of":"2014-04-22T12:40:45","title":"#Электроусилитель","url":"http://twitter.com/search?q=%23%D0%AD%D0%BB%D0%B5%D0%BA%D1%82%D1%80%D0%BE%D1%83%D1%81%D0%B8%D0%BB%D0%B8%D1%82%D0%B5%D0%BB%D1%8C","timestamp":"2014-04-22 12:40:45 +0000"}
{"woeid":"23424976","the_date":"20140422","sdoid":"1","as_of":"2014-04-22T12:40:45","title":"#новсти","url":"http://twitter.com/search?q=%23%D0%BD%D0%BE%D0%B2%D1%81%D1%82%D0%B8","timestamp":"2014-04-22 12:40:45 +0000"}
{"woeid":"23424976","the_date":"20140422","sdoid":"1","as_of":"2014-04-22T12:40:45","title":"Калина","url":"http://twitter.com/search?q=%D0%9A%D0%B0%D0%BB%D0%B8%D0%BD%D0%B0","timestamp":"2014-04-22 12:40:45 +0000"}
{"woeid":"23424976","the_date":"20140422","sdoid":"1","as_of":"2014-04-22T12:40:45","title":"The Novosibirsk Room","url":"http://twitter.com/search?q=%22The+Novosibirsk+Room%22","timestamp":"2014-04-22 12:40:45 +0000"}
{"woeid":"23424976","the_date":"20140422","sdoid":"1","as_of":"2014-04-22T12:40:45","title":"Westbrook","url":"http://twitter.com/search?q=Westbrook","timestamp":"2014-04-22 12:40:45 +0000"}
{"woeid":"23424976","the_date":"20140422","sdoid":"1","as_of":"2014-04-22T12:40:45","title":"Perkins","url":"http://twitter.com/search?q=Perkins","timestamp":"2014-04-22 12:40:45 +0000"}
{"woeid":"23424976","the_date":"20140422","sdoid":"1","as_of":"2014-04-22T12:40:45","title":"Kevin Durant","url":"http://twitter.com/search?q=%22Kevin+Durant%22","timestamp":"2014-04-22 12:40:45 +0000"}
{"woeid":"23424975","the_date":"20140422","sdoid":"1","as_of":"2014-04-22T12:41:43","title":"Everton","url":"http://twitter.com/search?q=Everton","timestamp":"2014-04-22 12:41:44 +0000"}
{"woeid":"23424975","the_date":"20140422","sdoid":"1","as_of":"2014-04-22T12:41:43","title":"#MoyesSacked","url":"http://twitter.com/search?q=%23MoyesSacked","timestamp":"2014-04-22 12:41:44 +0000"}
{"woeid":"23424975","the_date":"20140422","sdoid":"1","as_of":"2014-04-22T12:41:43","title":"#EarthDay2014","url":"http://twitter.com/search?q=%23EarthDay2014","timestamp":"2014-04-22 12:41:44 +0000"}
{"woeid":"23424975","the_date":"20140422","sdoid":"1","as_of":"2014-04-22T12:41:43","title":"Happy Earth Day","url":"http://twitter.com/search?q=%22Happy+Earth+Day%22","timestamp":"2014-04-22 12:41:44 +0000"}
{"woeid":"23424975","the_date":"20140422","sdoid":"1","as_of":"2014-04-22T12:41:43","title":"#4MonthsAndStillHere","url":"http://twitter.com/search?q=%234MonthsAndStillHere","timestamp":"2014-04-22 12:41:44 +0000"}
{"woeid":"23424975","the_date":"20140422","sdoid":"1","as_of":"2014-04-22T12:41:43","title":"#GameFuel","url":"http://twitter.com/search?q=%23GameFuel","timestamp":"2014-04-22 12:41:44 +0000"}
{"woeid":"23424975","the_date":"20140422","sdoid":"1","as_of":"2014-04-22T12:41:43","title":"#reallifekendoll","url":"http://twitter.com/search?q=%23reallifekendoll","timestamp":"2014-04-22 12:41:44 +0000"}
{"woeid":"23424975","the_date":"20140422","sdoid":"1","as_of":"2014-04-22T12:41:43","title":"Van Gaal","url":"http://twitter.com/search?q=%22Van+Gaal%22","timestamp":"2014-04-22 12:41:44 +0000"}
{"woeid":"23424975","the_date":"20140422","sdoid":"1","as_of":"2014-04-22T12:41:43","title":"Fergie","url":"http://twitter.com/search?q=Fergie","timestamp":"2014-04-22 12:41:44 +0000"}
{"woeid":"23424975","the_date":"20140422","sdoid":"1","as_of":"2014-04-22T12:41:43","title":"Glazers","url":"http://twitter.com/search?q=Glazers","timestamp":"2014-04-22 12:41:44 +0000"}
{"woeid":"23424984","the_date":"20140422","sdoid":"1","as_of":"2014-04-22T12:42:41","title":"Moyes","url":"http://twitter.com/search?q=Moyes","timestamp":"2014-04-22 12:42:42 +0000"}
{"woeid":"23424984","the_date":"20140422","sdoid":"1","as_of":"2014-04-22T12:42:41","title":"#TohoTreeTour","url":"http://twitter.com/search?q=%23TohoTreeTour","timestamp":"2014-04-22 12:42:42 +0000"}
{"woeid":"23424984","the_date":"20140422","sdoid":"1","as_of":"2014-04-22T12:42:41","title":"Happy Easter","url":"http://twitter.com/search?q=%22Happy+Easter%22","timestamp":"2014-04-22 12:42:42 +0000"}
{"woeid":"23424984","the_date":"20140422","sdoid":"1","as_of":"2014-04-22T12:42:41","title":"Starbucks","url":"http://twitter.com/search?q=Starbucks","timestamp":"2014-04-22 12:42:42 +0000"}
{"woeid":"23424984","the_date":"20140422","sdoid":"1","as_of":"2014-04-22T12:42:41","title":"Vietnam","url":"http://twitter.com/search?q=Vietnam","timestamp":"2014-04-22 12:42:42 +0000"}
{"woeid":"23424984","the_date":"20140422","sdoid":"1","as_of":"2014-04-22T12:42:41","title":"Lộc Hàm","url":"http://twitter.com/search?q=%22L%E1%BB%99c+H%C3%A0m%22","timestamp":"2014-04-22 12:42:42 +0000"}
{"woeid":"23424984","the_date":"20140422","sdoid":"1","as_of":"2014-04-22T12:42:41","title":"Hà Nội","url":"http://twitter.com/search?q=%22H%C3%A0+N%E1%BB%99i%22","timestamp":"2014-04-22 12:42:42 +0000"}
{"woeid":"23424984","the_date":"20140422","sdoid":"1","as_of":"2014-04-22T12:42:41","title":"Sewol","url":"http://twitter.com/search?q=Sewol","timestamp":"2014-04-22 12:42:42 +0000"}
{"woeid":"23424984","the_date":"20140422","sdoid":"1","as_of":"2014-04-22T12:42:41","title":"Luhan","url":"http://twitter.com/search?q=Luhan","timestamp":"2014-04-22 12:42:42 +0000"}
{"woeid":"23424984","the_date":"20140422","sdoid":"1","as_of":"2014-04-22T12:42:41","title":"TTvTT","url":"http://twitter.com/search?q=TTvTT","timestamp":"2014-04-22 12:42:42 +0000"}
