{"the_date":"20140422","sdoid":"3","rank":"1","title":"'Elin Nordegren'","timestamp":"2014-04-22 16:02:04 +0000"}
{"the_date":"20140422","sdoid":"3","rank":"2","title":"'Big Bang theory'","timestamp":"2014-04-22 16:02:04 +0000"}
{"the_date":"20140422","sdoid":"3","rank":"3","title":"'Macaulay Culkin'","timestamp":"2014-04-22 16:02:04 +0000"}
{"the_date":"20140422","sdoid":"3","rank":"4","title":"'Yosemite climber falls'","timestamp":"2014-04-22 16:02:04 +0000"}
{"the_date":"20140422","sdoid":"3","rank":"5","title":"'The Goonies '","timestamp":"2014-04-22 16:02:04 +0000"}
{"the_date":"20140422","sdoid":"3","rank":"7","title":"'Liz Carmouche'","timestamp":"2014-04-22 16:02:04 +0000"}
{"the_date":"20140422","sdoid":"3","rank":"8","title":"'Netflix prices'","timestamp":"2014-04-22 16:02:04 +0000"}
{"the_date":"20140422","sdoid":"3","rank":"9","title":"'Mall parking lot shooting'","timestamp":"2014-04-22 16:02:04 +0000"}
{"the_date":"20140422","sdoid":"3","rank":"10","title":"'AARP'","timestamp":"2014-04-22 16:02:04 +0000"}
