{"the_date":"20140422","sdoid":"3","rank":"1","title":"'Miranda Kerr'","timestamp":"2014-04-22 12:02:04 +0000"}
{"the_date":"20140422","sdoid":"3","rank":"2","title":"'Nina Davuluri'","timestamp":"2014-04-22 12:02:04 +0000"}
{"the_date":"20140422","sdoid":"3","rank":"3","title":"'Yosemite climber falls'","timestamp":"2014-04-22 12:02:04 +0000"}
{"the_date":"20140422","sdoid":"3","rank":"4","title":"'Netflix prices'","timestamp":"2014-04-22 12:02:04 +0000"}
{"the_date":"20140422","sdoid":"3","rank":"5","title":"'Starved inmate'","timestamp":"2014-04-22 12:02:04 +0000"}
{"the_date":"20140422","sdoid":"3","rank":"6","title":"'Macaulay Culkin'","timestamp":"2014-04-22 12:02:04 +0000"}
{"the_date":"20140422","sdoid":"3","rank":"7","title":"'Liz Carmouche'","timestamp":"2014-04-22 12:02:04 +0000"}
{"the_date":"20140422","sdoid":"3","rank":"8","title":"'Mall parking lot shooting'","timestamp":"2014-04-22 12:02:04 +0000"}
{"the_date":"20140422","sdoid":"3","rank":"9","title":"'Powdered alcohol'","timestamp":"2014-04-22 12:02:04 +0000"}
{"the_date":"20140422","sdoid":"3","rank":"10","title":"'AARP'","timestamp":"2014-04-22 12:02:04 +0000"}
