{"the_date":"20140422","sdoid":"4","lat":"","longt":"","link":"http://instagram.com/p/nGBT90AHIq/","thumbimage":"http://distilleryimage0.s3.amazonaws.com/4ad53c80ca2311e38d0f0002c95497b8_5.jpg","regimage":"http://distilleryimage0.s3.amazonaws.com/4ad53c80ca2311e38d0f0002c95497b8_8.jpg","tags":"ladygaga","camera_filter":"Normal","as_of":"1398173898","caption":"So what we all thinking me with straight hair??? Bit weird 😁#LadyGaga ha x","likes_count":"4708","content_type":"image"}
{"the_date":"20140422","sdoid":"4","lat":"25.841247593","longt":"44.215511363","link":"http://instagram.com/p/nF96VcqggT/","thumbimage":"http://distilleryimage4.s3.amazonaws.com/f7ce9594ca1e11e38b6a0002c9dc9a44_5.jpg","regimage":"http://distilleryimage4.s3.amazonaws.com/f7ce9594ca1e11e38b6a0002c9dc9a44_8.jpg","tags":"","camera_filter":"Normal","as_of":"1398172115","caption":".\n.\nمساء الخير 😻\nاهل القصيم قربوا 👏\nعندي لكم مفاجاءه 😳\n\nاذا شفت فوق ٥٠٠ كومنت بعلنها 💃❤️\nوروني حماسكم كيف 👀 .\n.\nتصوير : @taghereedsulaiman","likes_count":"6718","content_type":"image"}
{"the_date":"20140422","sdoid":"4","lat":"29.343898391","longt":"48.005838559","link":"http://instagram.com/p/nF-jRGoyPE/","thumbimage":"http://distilleryimage0.s3.amazonaws.com/ea3cc710ca1f11e3b55d0002c9c66724_5.jpg","regimage":"http://distilleryimage0.s3.amazonaws.com/ea3cc710ca1f11e3b55d0002c9c66724_8.jpg","tags":"انستاطرب","camera_filter":"Stinson","as_of":"1398172450","caption":"منشن لشخص تهديه هالاغنية \n#انستاطرب","likes_count":"8500","content_type":"video"}
{"the_date":"20140422","sdoid":"4","lat":"39.888062747","longt":"-75.176130328","link":"http://instagram.com/p/nF7qjODhxp/","thumbimage":"http://distilleryimage2.s3.amazonaws.com/58216a96ca1c11e387410002c9533462_5.jpg","regimage":"http://distilleryimage2.s3.amazonaws.com/58216a96ca1c11e387410002c9533462_8.jpg","tags":"festival-fashion-coachella-freepeople","camera_filter":"Normal","as_of":"1398170937","caption":"Festival fashion from #coachella now up on the blog! #freepeople #festival #fashion","likes_count":"25870","content_type":"image"}
{"the_date":"20140422","sdoid":"4","lat":"","longt":"","link":"http://instagram.com/p/nGAd75wjOy/","thumbimage":"http://distilleryimage4.s3.amazonaws.com/2f62add0ca2211e3b8f80002c9e04a24_5.jpg","regimage":"http://distilleryimage4.s3.amazonaws.com/2f62add0ca2211e3b8f80002c9e04a24_8.jpg","tags":"","camera_filter":"Nashville","as_of":"1398173455","caption":"ถ่ายโฆษณากับพ่อหมอวันนี้😎✨😎 shooting commercial today with @fuxsuxlux 😜✨","likes_count":"3203","content_type":"image"}
{"the_date":"20140422","sdoid":"4","lat":"","longt":"","link":"http://instagram.com/p/nF-UrbRx6_/","thumbimage":"http://distilleryimage10.s3.amazonaws.com/a995093eca1f11e39d550002c9e11ff6_5.jpg","regimage":"http://distilleryimage10.s3.amazonaws.com/a995093eca1f11e39d550002c9e11ff6_8.jpg","tags":"omg","camera_filter":"Nashville","as_of":"1398172331","caption":"#OMG position :Pp","likes_count":"11565","content_type":"image"}
{"the_date":"20140422","sdoid":"4","lat":"","longt":"","link":"http://instagram.com/p/nF_u50wGda/","thumbimage":"http://distilleryimage10.s3.amazonaws.com/6f89d88aca2111e390390002c95462e6_5.jpg","regimage":"http://distilleryimage10.s3.amazonaws.com/6f89d88aca2111e390390002c95462e6_8.jpg","tags":"summer-louisvuitton","camera_filter":"Normal","as_of":"1398173073","caption":"Get ready for #Summer with the new #LouisVuitton S/S 2014 Sunglasses Collection.","likes_count":"22989","content_type":"image"}
{"the_date":"20140422","sdoid":"4","lat":"29.337290909","longt":"48.027282014","link":"http://instagram.com/p/nF8ge6EVuZ/","thumbimage":"http://distilleryimage0.s3.amazonaws.com/6093ba16ca1d11e38b850002c9e273a0_5.jpg","regimage":"http://distilleryimage0.s3.amazonaws.com/6093ba16ca1d11e38b850002c9e273a0_8.jpg","tags":"","camera_filter":"Normal","as_of":"1398171379","caption":"BALE 👌","likes_count":"3505","content_type":"video"}
{"the_date":"20140422","sdoid":"4","lat":"13.863384915","longt":"100.565094994","link":"http://instagram.com/p/nF8a1GzRbT/","thumbimage":"http://origincache-frc.fbcdn.net/10175224_1443308002574862_2114209279_s.jpg","regimage":"http://origincache-frc.fbcdn.net/10175224_1443308002574862_2114209279_n.jpg","tags":"สวยประหาร","camera_filter":"Normal","as_of":"1398171333","caption":"ยังคงทำงานกันต่อไป.. #สวยประหาร","likes_count":"6025","content_type":"image"}
{"the_date":"20140422","sdoid":"4","lat":"-23.563661062","longt":"-46.695006931","link":"http://instagram.com/p/nF2EoAM4u7/","thumbimage":"http://distilleryimage8.s3.amazonaws.com/98bc0e64ca1511e3921a24be05d0c0f0_5.jpg","regimage":"http://distilleryimage8.s3.amazonaws.com/98bc0e64ca1511e3921a24be05d0c0f0_8.jpg","tags":"","camera_filter":"Normal","as_of":"1398168005","caption":"Work by @enivo • São Paulo , Brasil","likes_count":"11602","content_type":"image"}
{"the_date":"20140422","sdoid":"4","lat":"","longt":"","link":"http://instagram.com/p/nFwzLKFj2K/","thumbimage":"http://origincache-frc.fbcdn.net/917423_632299340186475_332062436_s.jpg","regimage":"http://origincache-frc.fbcdn.net/917423_632299340186475_332062436_n.jpg","tags":"","camera_filter":"Normal","as_of":"1398165241","caption":"Good bye Florida!!! See you soon! 💗 Pic taken by @beachyogagirl Edited by me using Snapseed. ✌️","likes_count":"25809","content_type":"image"}
{"the_date":"20140422","sdoid":"4","lat":"","longt":"","link":"http://instagram.com/p/nF2F9OpN4T/","thumbimage":"http://distilleryimage0.s3.amazonaws.com/83e9f99cca1511e3b4870002c9d5e5a8_5.jpg","regimage":"http://distilleryimage0.s3.amazonaws.com/83e9f99cca1511e3b4870002c9d5e5a8_8.jpg","tags":"igersgs-galatasaray","camera_filter":"Sierra","as_of":"1398168016","caption":"Eski kalecimiz Faryd Mondragon, kulüp düzeyinde profesyonel futbol hayatını noktaladı. #Galatasaray #igersGS","likes_count":"19217","content_type":"image"}
{"the_date":"20140422","sdoid":"4","lat":"","longt":"","link":"http://instagram.com/p/nF4CGZiFvE/","thumbimage":"http://distilleryimage10.s3.amazonaws.com/067f76f0ca1811e38efa0002c99c93aa_5.jpg","regimage":"http://distilleryimage10.s3.amazonaws.com/067f76f0ca1811e38efa0002c99c93aa_8.jpg","tags":"","camera_filter":"Normal","as_of":"1398169033","caption":"Yay or Nay? 💕\n👗Fashion 👉 @FashionBeezy\n👗Fashion 👉 @FashionBeezy\n👗Fashion 👉 @FashionBeezy\n👗Fashion 👉 @FashionBeezy\n👗Fashion 👉 @FashionBeezy\n👗Fashion 👉 @FashionBeezy\n–––––––––––––––––––––––––––––––––––––––– NOTE! This photo is taken and reposted from: @revolder\n––––––––––––––––––––––––––––––––––––––––","likes_count":"12744","content_type":"image"}
{"the_date":"20140422","sdoid":"4","lat":"","longt":"","link":"http://instagram.com/p/nF9s3cM976/","thumbimage":"http://distilleryimage8.s3.amazonaws.com/48db48e0ca1711e39fd924be059c8800_5.jpg","regimage":"http://distilleryimage8.s3.amazonaws.com/48db48e0ca1711e39fd924be059c8800_8.jpg","tags":"دقو_خبيتي-تبلقس-بلقيس-تنكس-متبلقس_لا_تكلمني","camera_filter":"Normal","as_of":"1398172005","caption":"\" قريبا اول عرض الكليب المنتظر دقوا خبيتي.. كلمات: تركي الشريف الحان: فايز السعيد.. توزيع: سيروس... اول كليب عربي يصنعه الفانز ويخرجه الفانز ونقدمه للفانز حصريا على قنوات روتانا.. ترقبوا جميع المشاركين في مسابقة #تنكس دقوا خبيتي ومفاجات رائعه فقط مع #بلقيس. هنيئا للمتبلقسين ودعوه لمن لم يتبلقس بعد بالانضمام الينا.. #بلقيس #تبلقس #دقو_خبيتي #متبلقس_لا_تكلمني اخراج @sultanabdmohsen @sultanmajdaly @adhamalz وشكر كبير للمجهود الجبار والمبذول من قروباتي @balqeesaween @balqees__group","likes_count":"23307","content_type":"video"}
{"the_date":"20140422","sdoid":"4","lat":"","longt":"","link":"http://instagram.com/p/nFzdaWMJ-h/","thumbimage":"http://distilleryimage0.s3.amazonaws.com/723fb432ca1211e39ced0002c992a6e4_5.jpg","regimage":"http://distilleryimage0.s3.amazonaws.com/723fb432ca1211e39ced0002c992a6e4_8.jpg","tags":"","camera_filter":"Normal","as_of":"1398166635","caption":"Hey peeps! Follow our latest @newinventions account for all sorts of new inventions and designs! Be there from the very beggining as we show you tons of amazing things!\n-- > @newinventions <--\n-- > @newinventions <--\n-- > @newinventions <--\n-- > @newinventions <--\n-- > @newinventions <--\nThank you!","likes_count":"15325","content_type":"image"}
{"the_date":"20140422","sdoid":"4","lat":"","longt":"","link":"http://instagram.com/p/nF1L4bh3nz/","thumbimage":"http://distilleryimage10.s3.amazonaws.com/848d7316ca1411e3b9aa0002c9d8ec6e_5.jpg","regimage":"http://distilleryimage10.s3.amazonaws.com/848d7316ca1411e3b9aa0002c9d8ec6e_8.jpg","tags":"","camera_filter":"Earlybird","as_of":"1398167540","caption":"กลับๆๆๆ","likes_count":"7838","content_type":"image"}
{"the_date":"20140422","sdoid":"4","lat":"59.336066049","longt":"18.077840824","link":"http://instagram.com/p/nGCd1YulOc/","thumbimage":"http://distilleryimage0.s3.amazonaws.com/a79f8334ca2411e3b9710002c99d6520_5.jpg","regimage":"http://distilleryimage0.s3.amazonaws.com/a79f8334ca2411e3b9710002c99d6520_8.jpg","tags":"europe-brandystyle-brandybabe-brandygirl-girls-outfit-brandyig-ootd-brandymelville-flannel","camera_filter":"Normal","as_of":"1398174503","caption":"It's all Brandy! #BrandyMelville #Europe #BrandyIG #BrandyBabe #Girls #Ootd #Flannel #Outfit #BrandyStyle #BrandyGirl","likes_count":"6354","content_type":"image"}
{"the_date":"20140422","sdoid":"4","lat":"","longt":"","link":"http://instagram.com/p/nGCE-vyFKO/","thumbimage":"http://distilleryimage8.s3.amazonaws.com/23546c34ca2411e381da24be05967300_5.jpg","regimage":"http://distilleryimage8.s3.amazonaws.com/23546c34ca2411e381da24be05967300_8.jpg","tags":"","camera_filter":"Normal","as_of":"1398174299","caption":"Ouch!!!\n:) :) :)\nWanna see more clips daily? Follow my other page\n@fun_clips \n@fun_clips \n@fun_clips","likes_count":"3377","content_type":"video"}
{"the_date":"20140422","sdoid":"4","lat":"","longt":"","link":"http://instagram.com/p/nGAQ9QiZSc/","thumbimage":"http://distilleryimage8.s3.amazonaws.com/0ef6c428ca2211e3b44f0002c9c60178_5.jpg","regimage":"http://distilleryimage8.s3.amazonaws.com/0ef6c428ca2211e3b44f0002c9c60178_8.jpg","tags":"","camera_filter":"Normal","as_of":"1398173349","caption":"So where's the wedding?","likes_count":"4062","content_type":"image"}
{"the_date":"20140422","sdoid":"4","lat":"","longt":"","link":"http://instagram.com/p/nGA_OJobbz/","thumbimage":"http://distilleryimage8.s3.amazonaws.com/f5dab9e4ca2211e3b4b30002c95589dc_5.jpg","regimage":"http://distilleryimage8.s3.amazonaws.com/f5dab9e4ca2211e3b4b30002c95589dc_8.jpg","tags":"","camera_filter":"Normal","as_of":"1398173728","caption":"Yay or Nay?????","likes_count":"20579","content_type":"image"}
