{"the_date":"20140422","sdoid":"4","lat":"","longt":"","link":"http://instagram.com/p/nFvHw7xqHc/","thumbimage":"http://origincache-frc.fbcdn.net/10249222_588934754538102_1624472994_s.jpg","regimage":"http://origincache-frc.fbcdn.net/10249222_588934754538102_1624472994_n.jpg","tags":"bestbitchesig","camera_filter":"Normal","as_of":"1398164361","caption":"Yay or nay!? Please Follow the most amazing accounts on Instagram, double tap and tag your Bestie💃💃 @HAIRNAILSDIARY💖\n\n@STYLEFLAVOR💖\n\n@GLAMFASHIONSX💖\n\n@METIMEBOUTIQUE💖\n\n@ALACARTESI💖\n\n@FASHION_AND_STUFF💖 💖#BestBitchesIG💖","likes_count":"7033","content_type":"image"}
{"the_date":"20140422","sdoid":"4","lat":"","longt":"","link":"http://instagram.com/p/nFmk_PhkDf/","thumbimage":"http://origincache-prn.fbcdn.net/927914_1414056728861996_1517269155_s.jpg","regimage":"http://origincache-prn.fbcdn.net/927914_1414056728861996_1517269155_n.jpg","tags":"","camera_filter":"Normal","as_of":"1398159882","caption":"@miraduma 😘","likes_count":"6574","content_type":"image"}
{"the_date":"20140422","sdoid":"4","lat":"22.317655131","longt":"114.161803549","link":"http://instagram.com/p/nFzgadj7TD/","thumbimage":"http://origincache-frc.fbcdn.net/10268763_643605809046725_1146809586_s.jpg","regimage":"http://origincache-frc.fbcdn.net/10268763_643605809046725_1146809586_n.jpg","tags":"","camera_filter":"Hudson","as_of":"1398166660","caption":"😍😍","likes_count":"1724","content_type":"image"}
{"the_date":"20140422","sdoid":"4","lat":"","longt":"","link":"http://instagram.com/p/nFpwtrHBUo/","thumbimage":"http://distilleryimage10.s3.amazonaws.com/71c51080ca0611e3ba670002c9e198e6_5.jpg","regimage":"http://distilleryimage10.s3.amazonaws.com/71c51080ca0611e3ba670002c9e198e6_8.jpg","tags":"","camera_filter":"Normal","as_of":"1398161551","caption":"انها ليست على نمط جانج نام ... مما يجعل من الحقيقية تشاي الكرك ستايل 😂👳🌚☕️💕 it's not a Gangnam style... making it real Chai Karak Style ❤️🙏✌️","likes_count":"1976","content_type":"video"}
{"the_date":"20140422","sdoid":"4","lat":"-23.563683844","longt":"-46.69498436","link":"http://instagram.com/p/nFpHpRs4ix/","thumbimage":"http://distilleryimage8.s3.amazonaws.com/c424d5a0ca0511e3b3de0002c95597a4_5.jpg","regimage":"http://distilleryimage8.s3.amazonaws.com/c424d5a0ca0511e3b3de0002c95597a4_8.jpg","tags":"","camera_filter":"Normal","as_of":"1398161214","caption":"Work by @mundano_sp • Cape Town , South Africa","likes_count":"8069","content_type":"image"}
{"the_date":"20140422","sdoid":"4","lat":"","longt":"","link":"http://instagram.com/p/nFrgJEOZWW/","thumbimage":"http://distilleryimage2.s3.amazonaws.com/af5dc138ca0811e3bff70002c9e0e13e_5.jpg","regimage":"http://distilleryimage2.s3.amazonaws.com/af5dc138ca0811e3bff70002c9e0e13e_8.jpg","tags":"thefastandthefurious","camera_filter":"Normal","as_of":"1398162463","caption":"Guess The Car? #TheFastandtheFurious","likes_count":"5891","content_type":"image"}
{"the_date":"20140422","sdoid":"4","lat":"18.808963876","longt":"99.003901986","link":"http://instagram.com/p/nFjy9OJDWk/","thumbimage":"http://distilleryimage10.s3.amazonaws.com/03e0d5dac9fd11e3b5310002c953329e_5.jpg","regimage":"http://distilleryimage10.s3.amazonaws.com/03e0d5dac9fd11e3b5310002c953329e_8.jpg","tags":"","camera_filter":"Moon","as_of":"1398158423","caption":"ตายช้าช้า @Chiangmai Radio","likes_count":"1993","content_type":"video"}
{"the_date":"20140422","sdoid":"4","lat":"","longt":"","link":"http://instagram.com/p/nFum6BzVPb/","thumbimage":"http://origincache-prn.fbcdn.net/10296656_286964241469467_1025545949_s.jpg","regimage":"http://origincache-prn.fbcdn.net/10296656_286964241469467_1025545949_n.jpg","tags":"riccardosatta","camera_filter":"X-Pro II","as_of":"1398164092","caption":"Training-time...#riccardosatta @pablo5656 ⚽️⚽️⚽️","likes_count":"5972","content_type":"image"}
{"the_date":"20140422","sdoid":"4","lat":"","longt":"","link":"http://instagram.com/p/nF07Pbpp-D/","thumbimage":"http://distilleryimage6.s3.amazonaws.com/dc5f1f00ca1311e3b12e0002c99aae16_5.jpg","regimage":"http://distilleryimage6.s3.amazonaws.com/dc5f1f00ca1311e3b12e0002c99aae16_8.jpg","tags":"","camera_filter":"Normal","as_of":"1398167404","caption":"Cheesing on stage while shooting last night. By @jaredpolin","likes_count":"1737","content_type":"image"}
{"the_date":"20140422","sdoid":"4","lat":"","longt":"","link":"http://instagram.com/p/nFzNUBlkpE/","thumbimage":"http://distilleryimage8.s3.amazonaws.com/f08e18c0ca1111e3b2480002c9f4a280_5.jpg","regimage":"http://distilleryimage8.s3.amazonaws.com/f08e18c0ca1111e3b2480002c9f4a280_8.jpg","tags":"","camera_filter":"Normal","as_of":"1398166503","caption":"What is your favorite product from @rccosmetics? ❤️💗💚💙 www.rc-cosmetics.com","likes_count":"2796","content_type":"image"}
{"the_date":"20140422","sdoid":"4","lat":"37.211829904","longt":"-80.445696646","link":"http://instagram.com/p/nF0Z9hg5sy/","thumbimage":"http://distilleryimage4.s3.amazonaws.com/0f737108ca1311e3893f0002c9d6f96c_5.jpg","regimage":"http://distilleryimage4.s3.amazonaws.com/0f737108ca1311e3893f0002c9d6f96c_8.jpg","tags":"ootd","camera_filter":"Normal","as_of":"1398167131","caption":"Although I was born in the 80's! The 70's are still my favorite! 💗\n#OOTD \nVintage : Shirt\n7forallmankind : Jeans\nMoni&J : Bag\n\nمع إني من مواليد الثمانينات إلا إني أعشق السبعينات و كنت أتمنى لو عشت بهالفتره. لوك اليوم يجمع السبعينات مع التسعينات واللي كان دارج فيها ارتداء الجينز بقوه 💗","likes_count":"2648","content_type":"image"}
{"the_date":"20140422","sdoid":"4","lat":"","longt":"","link":"http://instagram.com/p/nFzdaWMJ-h/","thumbimage":"http://distilleryimage0.s3.amazonaws.com/723fb432ca1211e39ced0002c992a6e4_5.jpg","regimage":"http://distilleryimage0.s3.amazonaws.com/723fb432ca1211e39ced0002c992a6e4_8.jpg","tags":"","camera_filter":"Normal","as_of":"1398166635","caption":"Hey peeps! Follow our latest @newinventions account for all sorts of new inventions and designs! Be there from the very beggining as we show you tons of amazing things!\n-- > @newinventions <--\n-- > @newinventions <--\n-- > @newinventions <--\n-- > @newinventions <--\n-- > @newinventions <--\nThank you!","likes_count":"3362","content_type":"image"}
{"the_date":"20140422","sdoid":"4","lat":"","longt":"","link":"http://instagram.com/p/nFzKV3hFnf/","thumbimage":"http://distilleryimage8.s3.amazonaws.com/ccae088eca1111e385ba0002c9ddda30_5.jpg","regimage":"http://distilleryimage8.s3.amazonaws.com/ccae088eca1111e385ba0002c9ddda30_8.jpg","tags":"الصلاة-القران-quran-muslim-القارىء-اسلام-اسلاميات-تلاوة-منشن-المعلم-islam","camera_filter":"Normal","as_of":"1398166479","caption":"•\n#منشن لاحبابك\n•\n#القارىء / هاني الرفاعي\n•\n#تلاوة الاية رقم ٢٠٨ من سورة البقرة\n•\nO ye who believe! Enter into Islam whole-heartedly; and follow not the footsteps of the evil one; for he is to you an avowed enemy.\n•\nكل ما في الحساب حلال عليكم\n•\n#اسلام #اسلاميات #القران #islam #quran  #الصلاة #muslim #المعلم","likes_count":"1943","content_type":"video"}
{"the_date":"20140422","sdoid":"4","lat":"40.699045906","longt":"-74.039583481","link":"http://instagram.com/p/nFvd-sAGA4/","thumbimage":"http://origincache-ash.fbcdn.net/10296741_1429261123997501_164640030_s.jpg","regimage":"http://origincache-ash.fbcdn.net/10296741_1429261123997501_164640030_n.jpg","tags":"","camera_filter":"Valencia","as_of":"1398164543","caption":"Spring in New York City is a beautiful thing.","likes_count":"2609","content_type":"image"}
{"the_date":"20140422","sdoid":"4","lat":"","longt":"","link":"http://instagram.com/p/nFulLhj6rA/","thumbimage":"http://distilleryimage0.s3.amazonaws.com/3494cc36ca0c11e3bf4b0002c9da0cec_5.jpg","regimage":"http://distilleryimage0.s3.amazonaws.com/3494cc36ca0c11e3bf4b0002c9da0cec_8.jpg","tags":"","camera_filter":"Willow","as_of":"1398164077","caption":"不是每个人都喜欢吃苹果，所以我拍的也不是每个人都会喜欢，接受甚至赞同。\n这就是人。","likes_count":"4214","content_type":"image"}
{"the_date":"20140422","sdoid":"4","lat":"","longt":"","link":"http://instagram.com/p/nFxGawuMpW/","thumbimage":"http://distilleryimage10.s3.amazonaws.com/62cec536ca0f11e381ce0002c9e117aa_5.jpg","regimage":"http://distilleryimage10.s3.amazonaws.com/62cec536ca0f11e381ce0002c9e117aa_8.jpg","tags":"madd-proscooter","camera_filter":"Normal","as_of":"1398165398","caption":"@derekseay being a boss. Go check out his Instagram. #madd #proscooter","likes_count":"833","content_type":"video"}
{"the_date":"20140422","sdoid":"4","lat":"","longt":"","link":"http://instagram.com/p/nFst_4FZBZ/","thumbimage":"http://distilleryimage4.s3.amazonaws.com/e1eb5a24ca0911e3a5d70002c954f99c_5.jpg","regimage":"http://distilleryimage4.s3.amazonaws.com/e1eb5a24ca0911e3a5d70002c954f99c_8.jpg","tags":"","camera_filter":"Amaro","as_of":"1398163101","caption":"محتاره ما بين هالساعتين من cartier ؟؟؟؟؟؟؟؟؟؟؟؟؟؟؟شنو أختار😩😩😩😩😩","likes_count":"6409","content_type":"image"}
{"the_date":"20140422","sdoid":"4","lat":"","longt":"","link":"http://instagram.com/p/nFj-1ATh3j/","thumbimage":"http://distilleryimage4.s3.amazonaws.com/7b7b40e2c9ff11e386b60002c9c7c5dc_5.jpg","regimage":"http://distilleryimage4.s3.amazonaws.com/7b7b40e2c9ff11e386b60002c9c7c5dc_8.jpg","tags":"","camera_filter":"Normal","as_of":"1398158520","caption":"💍🎈💍🎈💍","likes_count":"56622","content_type":"image"}
{"the_date":"20140422","sdoid":"4","lat":"","longt":"","link":"http://instagram.com/p/nFlcLREDX9/","thumbimage":"http://distilleryimage8.s3.amazonaws.com/7970dc70ca0011e3b3a20002c9c8a670_5.jpg","regimage":"http://distilleryimage8.s3.amazonaws.com/7970dc70ca0011e3b3a20002c9c8a670_8.jpg","tags":"","camera_filter":"Normal","as_of":"1398159285","caption":"Nutmegmegmeg pannanama haha 👏 ( tag friends )","likes_count":"7691","content_type":"video"}
{"the_date":"20140422","sdoid":"4","lat":"","longt":"","link":"http://instagram.com/p/nFzMJdw-US/","thumbimage":"http://distilleryimage2.s3.amazonaws.com/e0a79608ca1011e3afb50002c9c901ea_5.jpg","regimage":"http://distilleryimage2.s3.amazonaws.com/e0a79608ca1011e3afb50002c9c901ea_8.jpg","tags":"danceallnight","camera_filter":"Normal","as_of":"1398166494","caption":"@ajlee_and_thebellas GO GIRL! Thank you for taking the time to make this for me and not being afraid to let go and dance😘 #danceallnight you have my follow😉","likes_count":"985","content_type":"video"}
