{"the_date":"20140422","sdoid":"4","lat":"","longt":"","link":"http://instagram.com/p/nFXrPBGvMY/","thumbimage":"http://distilleryimage10.s3.amazonaws.com/6c79c820c9f011e3873f0002c99d2bae_5.jpg","regimage":"http://distilleryimage10.s3.amazonaws.com/6c79c820c9f011e3873f0002c99d2bae_8.jpg","tags":"","camera_filter":"Normal","as_of":"1398152068","caption":"Love 1 2 3 or 4? \nFollow top fashion account 💖💖💖💖💖💖💖@sheoutfits 💕💕💕💕💕💕@thegirlscollection","likes_count":"1965","content_type":"image"}
{"the_date":"20140422","sdoid":"4","lat":"13.611940595","longt":"100.834866705","link":"http://instagram.com/p/nFSTIqriPr/","thumbimage":"http://origincache-frc.fbcdn.net/10249390_1413725862230805_727622789_s.jpg","regimage":"http://origincache-frc.fbcdn.net/10249390_1413725862230805_727622789_n.jpg","tags":"cathefighter","camera_filter":"Normal","as_of":"1398149320","caption":"my crew #cathefighter","likes_count":"2539","content_type":"image"}
{"the_date":"20140422","sdoid":"4","lat":"-6.292529991","longt":"106.798358895","link":"http://instagram.com/p/nFKQGMNN7d/","thumbimage":"http://distilleryimage0.s3.amazonaws.com/256a23eac9e011e3a0270002c9f4a810_5.jpg","regimage":"http://distilleryimage0.s3.amazonaws.com/256a23eac9e011e3a0270002c9f4a810_8.jpg","tags":"","camera_filter":"Nashville","as_of":"1398145030","caption":"Have a great day 💐\nPhoto by dear @dotzsoh edited by me\nPlease visit @dotzsoh amazing gallery","likes_count":"7792","content_type":"image"}
{"the_date":"20140422","sdoid":"4","lat":"","longt":"","link":"http://instagram.com/p/nFYb9lFO2f/","thumbimage":"http://origincache-frc.fbcdn.net/10268869_494808427311346_1511403743_s.jpg","regimage":"http://origincache-frc.fbcdn.net/10268869_494808427311346_1511403743_n.jpg","tags":"","camera_filter":"Normal","as_of":"1398152468","caption":"My goodness. Finally 😴","likes_count":"999","content_type":"image"}
{"the_date":"20140422","sdoid":"4","lat":"","longt":"","link":"http://instagram.com/p/nFRkmiBSR0/","thumbimage":"http://distilleryimage6.s3.amazonaws.com/151bf906c9e911e3995a0002c9e14d1a_5.jpg","regimage":"http://distilleryimage6.s3.amazonaws.com/151bf906c9e911e3995a0002c9e14d1a_8.jpg","tags":"","camera_filter":"Normal","as_of":"","caption":"","likes_count":"3983","content_type":"image"}
{"the_date":"20140422","sdoid":"4","lat":"","longt":"","link":"http://instagram.com/p/nFS2DjSmZc/","thumbimage":"http://distilleryimage6.s3.amazonaws.com/5822faa0c9ea11e380900002c9955dca_5.jpg","regimage":"http://distilleryimage6.s3.amazonaws.com/5822faa0c9ea11e380900002c9955dca_8.jpg","tags":"","camera_filter":"Normal","as_of":"1398149536","caption":"hey, hey, you, you // @rebecca_virtu","likes_count":"1254","content_type":"video"}
{"the_date":"20140422","sdoid":"4","lat":"35.678743227","longt":"139.3473969","link":"http://instagram.com/p/nFQxJDiGyx/","thumbimage":"http://origincache-prn.fbcdn.net/10299874_237184636474996_1767258943_s.jpg","regimage":"http://origincache-prn.fbcdn.net/10299874_237184636474996_1767258943_n.jpg","tags":"kankantathavorn","camera_filter":"Amaro","as_of":"1398148447","caption":"กำแพงหิมะสูงไปนะ!!! #kankantathavorn \nกลับไปถึงเที่ยงคืนวันพุธ เช้าพฤหัสทำงานเลย กรูเพลีย\nอยากรู้ว่าวันนึงทำไรบ้าง กด tag ดู....ตามนั้นแหละ 😵😵😵😵","likes_count":"6950","content_type":"image"}
{"the_date":"20140422","sdoid":"4","lat":"","longt":"","link":"http://instagram.com/p/nFMpbAnn0m/","thumbimage":"http://distilleryimage0.s3.amazonaws.com/e7e02be8c9e211e3ac1024be05d09240_5.jpg","regimage":"http://distilleryimage0.s3.amazonaws.com/e7e02be8c9e211e3ac1024be05d09240_8.jpg","tags":"","camera_filter":"Helena","as_of":"1398146286","caption":"אז למה לא כל יום מימונה כל יום מימונה...אהלן וסהלן ויום נעים.","likes_count":"1295","content_type":"video"}
{"the_date":"20140422","sdoid":"4","lat":"","longt":"","link":"http://instagram.com/p/nFYRMonNev/","thumbimage":"http://distilleryimage2.s3.amazonaws.com/422117f8c9f111e3910a0002c9dbad1a_5.jpg","regimage":"http://distilleryimage2.s3.amazonaws.com/422117f8c9f111e3910a0002c9dbad1a_8.jpg","tags":"idolse","camera_filter":"Normal","as_of":"1398152379","caption":"Dax att köra igång Idol andra dagen i Göteborg! #idolse","likes_count":"819","content_type":"image"}
{"the_date":"20140422","sdoid":"4","lat":"","longt":"","link":"http://instagram.com/p/nFa3fxypq_/","thumbimage":"http://distilleryimage10.s3.amazonaws.com/e930fd4ac9f311e382330002c9dc07ce_5.jpg","regimage":"http://distilleryimage10.s3.amazonaws.com/e930fd4ac9f311e382330002c9dc07ce_8.jpg","tags":"","camera_filter":"Maven","as_of":"1398153742","caption":"صح ولا لا ؟","likes_count":"462","content_type":"video"}
{"the_date":"20140422","sdoid":"4","lat":"","longt":"","link":"http://instagram.com/p/nFJ1vGDYGQ/","thumbimage":"http://distilleryimage8.s3.amazonaws.com/0ae18ef6c9df11e393a60002c9dd6bf0_5.jpg","regimage":"http://distilleryimage8.s3.amazonaws.com/0ae18ef6c9df11e393a60002c9dd6bf0_8.jpg","tags":"dancewithyoursister","camera_filter":"Normal","as_of":"1398144814","caption":"I see you lookin, what ya lookin at? 🙈👀💂 @_4everhappy_ #dancewithyoursister","likes_count":"2102","content_type":"video"}
{"the_date":"20140422","sdoid":"4","lat":"","longt":"","link":"http://instagram.com/p/nFNkAcojrw/","thumbimage":"http://distilleryimage6.s3.amazonaws.com/f130bb5ec9e211e392ec0002c9dd8de6_5.jpg","regimage":"http://distilleryimage6.s3.amazonaws.com/f130bb5ec9e211e392ec0002c9dd8de6_8.jpg","tags":"","camera_filter":"Clarendon","as_of":"1398146766","caption":"Ehhh???\nKul på jobbet!!!\n@nyhetsmorgon","likes_count":"1250","content_type":"video"}
{"the_date":"20140422","sdoid":"4","lat":"-27.471701952","longt":"153.024531934","link":"http://instagram.com/p/nFVdEmgXYy/","thumbimage":"http://origincache-prn.fbcdn.net/10268981_1441804159400877_977644906_s.jpg","regimage":"http://origincache-prn.fbcdn.net/10268981_1441804159400877_977644906_n.jpg","tags":"citybeach-winter-awesome-pocketwarmers-warm-cool","camera_filter":"Normal","as_of":"1398150904","caption":"Need warming up? We have the perfect mini pocket warmers for only $5.99 🌸💗 #pocketwarmers #citybeach #warm #winter #awesome #citybeach #cool","likes_count":"3197","content_type":"image"}
{"the_date":"20140422","sdoid":"4","lat":"33.023259616","longt":"-117.200480607","link":"http://instagram.com/p/nFNXZTg7xc/","thumbimage":"http://distilleryimage2.s3.amazonaws.com/e66917ecc9e311e393b00002c9d4147e_5.jpg","regimage":"http://distilleryimage2.s3.amazonaws.com/e66917ecc9e311e393b00002c9d4147e_8.jpg","tags":"","camera_filter":"Valencia","as_of":"1398146663","caption":"Photo by @capture_your_heart and edit by @dfreske","likes_count":"5738","content_type":"image"}
{"the_date":"20140422","sdoid":"4","lat":"","longt":"","link":"http://instagram.com/p/nFaaLDzOiZ/","thumbimage":"http://origincache-frc.fbcdn.net/10011291_628237627265638_1507087939_s.jpg","regimage":"http://origincache-frc.fbcdn.net/10011291_628237627265638_1507087939_n.jpg","tags":"weeklyfluff-hubcats-catsofinstagram-scottishfold-fuku-goma-cat-cats-ilovecat-exoticshorthair","camera_filter":"Sutro","as_of":"1398153502","caption":"#goma and #fuku","likes_count":"497","content_type":"image"}
{"the_date":"20140422","sdoid":"4","lat":"","longt":"","link":"http://instagram.com/p/nFZvsfrJv8/","thumbimage":"http://origincache-prn.fbcdn.net/10268939_1470857863147749_835737432_s.jpg","regimage":"http://origincache-prn.fbcdn.net/10268939_1470857863147749_835737432_n.jpg","tags":"","camera_filter":"Valencia","as_of":"1398153154","caption":"Awesome shot by my dear @aysesivil  please visit her wonderful gallery 😍😍😍 👉 @aysesivil 👈","likes_count":"811","content_type":"image"}
{"the_date":"20140422","sdoid":"4","lat":"14.611995","longt":"121.0326","link":"http://instagram.com/p/nFPxQ0kBuq/","thumbimage":"http://origincache-prn.fbcdn.net/10296749_696436287061301_1468216598_s.jpg","regimage":"http://origincache-prn.fbcdn.net/10296749_696436287061301_1468216598_n.jpg","tags":"","camera_filter":"Normal","as_of":"1398147924","caption":"Thank you po kuya @nacinorocco at ate @lovi_poe sa pasalubong po ninyo sa akin. ❄️❄️❄️","likes_count":"4869","content_type":"image"}
{"the_date":"20140422","sdoid":"4","lat":"37.450274136","longt":"-122.20660815","link":"http://instagram.com/p/nFWYDYhyeP/","thumbimage":"http://distilleryimage2.s3.amazonaws.com/d43f3078c9ee11e3994c0002c9d3c792_5.jpg","regimage":"http://distilleryimage2.s3.amazonaws.com/d43f3078c9ee11e3994c0002c9d3c792_8.jpg","tags":"mini","camera_filter":"Moon","as_of":"1398151387","caption":"#Mini eating mini marshmallow haha !!! ♡","likes_count":"1379","content_type":"video"}
{"the_date":"20140422","sdoid":"4","lat":"","longt":"","link":"http://instagram.com/p/nFJvaFv3Jw/","thumbimage":"http://distilleryimage4.s3.amazonaws.com/7aa37542c9df11e3859b0002c9546f6c_5.jpg","regimage":"http://distilleryimage4.s3.amazonaws.com/7aa37542c9df11e3859b0002c9546f6c_8.jpg","tags":"","camera_filter":"Normal","as_of":"1398144763","caption":"Brows: @anastasiabeverlyhills Dip Brow 🔹 Base: @lagirlcosmetics Glide Gel Liner in \"Frosted Taupe\" 🔹Shadows: @lagirlcosmetics 10 Color Eye Palette in \"Exhilarate\" 🔹 Liners: @thebalm_cosmetics Black Liquid Liner on top & @lagirlcosmetics Glide Gel Liner in \"Very Black\" in waterline & smudged underneath 🔹Mascara: @thebalm_cosmetics \"What's Your Type\" 🔹 Lashes: @houseoflashes Pixie Luxe & Noir Fairy stacked using @besomakeup lash glue 🔹 Song: \"Birthday\" by @selenagomez (cuz it's almost my burfday 😊)","likes_count":"3296","content_type":"video"}
{"the_date":"20140422","sdoid":"4","lat":"24.54813845","longt":"54.867275655","link":"http://instagram.com/p/nFYC2Nst-Q/","thumbimage":"http://distilleryimage6.s3.amazonaws.com/c0426980c9f011e392880002c9ded762_5.jpg","regimage":"http://distilleryimage6.s3.amazonaws.com/c0426980c9f011e392880002c9ded762_8.jpg","tags":"منشن","camera_filter":"Normal","as_of":"1398152262","caption":"حط منشن لشخص تبا تسوي فيه جي #منشن #منشن لربعك #منشن بنات #منشن لاهلك #منشن مننشن #منشن #منشن #منشن قوي #منشن لجميع اللي عندك #منشن #منشن","likes_count":"490","content_type":"video"}
