{"the_date":"20140422","sdoid":"4","lat":"","longt":"","link":"http://instagram.com/p/nFXZ-Hi9zz/","thumbimage":"http://distilleryimage0.s3.amazonaws.com/b4770440c9ef11e3ae8c0002c9da6dd0_5.jpg","regimage":"http://distilleryimage0.s3.amazonaws.com/b4770440c9ef11e3ae8c0002c9da6dd0_8.jpg","tags":"","camera_filter":"Normal","as_of":"1398151927","caption":"صباح الخير شوفوا النظرة عجيبة 😅\nالكتكتوت الخجول الي بالصورة للبيع 😍 ما شاء الله \nKik: salwas_world_of_art\nHerah.shop@gmail.com \nاو على الدايركت 😊","likes_count":"1749","content_type":"image"}
{"the_date":"20140422","sdoid":"4","lat":"","longt":"","link":"http://instagram.com/p/nFWzfqitrv/","thumbimage":"http://distilleryimage4.s3.amazonaws.com/0f971596c9ef11e3a16f0002c99a1f90_5.jpg","regimage":"http://distilleryimage4.s3.amazonaws.com/0f971596c9ef11e3a16f0002c99a1f90_8.jpg","tags":"فهد_البشاره","camera_filter":"Normal","as_of":"1398151612","caption":"الله يا كثرهم الي مهنتهم بس يحبطون الواحد\n\nالمشكله أن يكون أحد من أهلك أو ربعك\n\nفي ناس رقم واحد بتكسر المجاديف\n\nدييييربالك يأثر فيك كلامهم\n\nهالنوعيه من الناس تلقاهم يأسوا من حياتهم ويبون يخلون الناس معاهم\n\nإذا عندك شخص بس يحبط ابتعد عنه ﻷن جاهل وممكن يكون أحمق\n\nلا تصحبن الأحمقا\nالمائق الشمقمقا \nعدو سوء عاقل\nولا صديق جاهل\n\nإن اصطحاب المائق\nمن أعظم البوائق\n\nيحب جهلاً فعله\nوأن تكون مثله\n\nيستحسن القبيحا\nويبغض النصيحه\n\nبيانه فهاهة\nوحلمه سفاهة \nوربما تمطى\nفكشف المغطى\n\nلا يحفظ الأسرارا\nولا يخاف عارا \nيعجب من غير عجب\nيغضب من غير غضب\n\n#فهد_البشاره","likes_count":"676","content_type":"video"}
{"the_date":"20140422","sdoid":"4","lat":"47.09660264","longt":"51.909010397","link":"http://instagram.com/p/nFZlsBv8rm/","thumbimage":"http://origincache-prn.fbcdn.net/10254122_1467842363448830_128098495_s.jpg","regimage":"http://origincache-prn.fbcdn.net/10254122_1467842363448830_128098495_n.jpg","tags":"atyrau","camera_filter":"X-Pro II","as_of":"1398153072","caption":"A ya v Atyrau!!!!!! Ura ura)) Atyraudy sagynyp kalyppyn.. Bugin biz \"Zhasyl el\" zhastar enbek zhasaktarynyn 10 respublikalyk enbek mausymynyn ashylu saltanatynyn zhurgizushilerimiz✌️✌️✌️ @kazbek_kasym 😉😉😉 #Atyrau","likes_count":"878","content_type":"image"}
{"the_date":"20140422","sdoid":"4","lat":"13.738666667","longt":"100.577833333","link":"http://instagram.com/p/nFaCmqBg2_/","thumbimage":"http://distilleryimage0.s3.amazonaws.com/546b3c7ac9f311e383fe0002c9dd4424_5.jpg","regimage":"http://distilleryimage0.s3.amazonaws.com/546b3c7ac9f311e383fe0002c9dd4424_8.jpg","tags":"เส-ป-กล-พ","camera_filter":"Valencia","as_of":"1398153308","caption":"#เสื้อสวย #พัดลมเย็น #กล่องทิชชู่ #ปูปลาร้า","likes_count":"4249","content_type":"image"}
{"the_date":"20140422","sdoid":"4","lat":"41.02503755","longt":"28.975909905","link":"http://instagram.com/p/nFZ50zFVOT/","thumbimage":"http://origincache-ash.fbcdn.net/928245_229700483891464_2017257327_s.jpg","regimage":"http://origincache-ash.fbcdn.net/928245_229700483891464_2017257327_n.jpg","tags":"comeseeturkey-turkiyeodalarveborsalarbirligi-tccumhurbaskanligi-tobb","camera_filter":"Lo-fi","as_of":"1398153237","caption":"Mardin / Turkey #comeseeturkey \n#turkiyeodalarveborsalarbirligi #tobb \n#tccumhurbaskanligi \n@comeseeturkey 👈","likes_count":"2247","content_type":"image"}
{"the_date":"20140422","sdoid":"4","lat":"","longt":"","link":"http://instagram.com/p/nFXl0gHPjn/","thumbimage":"http://distilleryimage6.s3.amazonaws.com/63879d46c9f011e3ae230002c99b032a_5.jpg","regimage":"http://distilleryimage6.s3.amazonaws.com/63879d46c9f011e3ae230002c99b032a_8.jpg","tags":"","camera_filter":"Normal","as_of":"1398152024","caption":"Follow me on @pllfeed @pllfeed @pllfeed @pllfeed @pllfeed @pllfeed @pllfeed @pllfeed @pllfeed @pllfeed @pllfeed @pllfeed so close to 569k!!!","likes_count":"4638","content_type":"image"}
{"the_date":"20140422","sdoid":"4","lat":"3.203898207","longt":"101.691418178","link":"http://instagram.com/p/nFTxIuSdLK/","thumbimage":"http://origincache-frc.fbcdn.net/10296811_213137075562876_56818282_s.jpg","regimage":"http://origincache-frc.fbcdn.net/10296811_213137075562876_56818282_n.jpg","tags":"memosbreakfast-iphoneonly-iphone5s","camera_filter":"Normal","as_of":"1398150020","caption":"Have a nice day everyone ❤️🌹 #iphoneonly #iphone5s #memosbreakfast \nالصباح هو صفحة الحياة الجديدة ، فأبتسم لتستنشق بياض الصباح و تنسى ما أحزنك بالأمس ...*","likes_count":"5289","content_type":"image"}
{"the_date":"20140422","sdoid":"4","lat":"","longt":"","link":"http://instagram.com/p/nFZXQYLs5G/","thumbimage":"http://distilleryimage4.s3.amazonaws.com/d801d866c9f111e39fdd0002c992cb08_5.jpg","regimage":"http://distilleryimage4.s3.amazonaws.com/d801d866c9f111e39fdd0002c992cb08_8.jpg","tags":"","camera_filter":"Hudson","as_of":"1398152953","caption":"Vaya, parece que la última foto que subí no fue notificada... estos fallos absurdos de Instagram. Ya regresé de Grecia. Cada diez años voy a consultar al Oráculo de Delfos para cuestionar mi vida. Es un gran viaje interior. Aquí, rindiendo honores al tholos de Atenea Pronoia poco antes de sumergirme en las profundidades de la existencia.","likes_count":"1200","content_type":"image"}
{"the_date":"20140422","sdoid":"4","lat":"","longt":"","link":"http://instagram.com/p/nFa2vFqSPV/","thumbimage":"http://distilleryimage0.s3.amazonaws.com/098b1b84c9f411e3b1cf0002c9e18b30_5.jpg","regimage":"http://distilleryimage0.s3.amazonaws.com/098b1b84c9f411e3b1cf0002c9e18b30_8.jpg","tags":"enchongawesometravel","camera_filter":"Normal","as_of":"1398153736","caption":"This view was shot above the knight's templar chapel inside Free Mason Building... Isn't it awesome? Only here in #enchongawesometravel 🐵😄☀️😎🚴👌🇺🇸👲🏤","likes_count":"392","content_type":"video"}
{"the_date":"20140422","sdoid":"4","lat":"38.023476368","longt":"-121.292351307","link":"http://instagram.com/p/nFHfg4FwJN/","thumbimage":"http://distilleryimage4.s3.amazonaws.com/baf7873ac9dc11e3a1a90002c9ddcb00_5.jpg","regimage":"http://distilleryimage4.s3.amazonaws.com/baf7873ac9dc11e3a1a90002c9ddcb00_8.jpg","tags":"","camera_filter":"Charmes","as_of":"1398143584","caption":"who remember this old ass video? sorry 4 my rachet laugh 😂😂","likes_count":"2721","content_type":"video"}
{"the_date":"20140422","sdoid":"4","lat":"","longt":"","link":"http://instagram.com/p/nFTncGFS4C/","thumbimage":"http://distilleryimage10.s3.amazonaws.com/7e806c90c9eb11e3850d0002c955b926_5.jpg","regimage":"http://distilleryimage10.s3.amazonaws.com/7e806c90c9eb11e3850d0002c955b926_8.jpg","tags":"","camera_filter":"Valencia","as_of":"1398149940","caption":"Social media has seriously taken over... @tomboy_kc","likes_count":"1833","content_type":"image"}
{"the_date":"20140422","sdoid":"4","lat":"22.318113824","longt":"114.161916151","link":"http://instagram.com/p/nFOWmVj7YH/","thumbimage":"http://origincache-frc.fbcdn.net/10254247_1486098971602846_1941139801_s.jpg","regimage":"http://origincache-frc.fbcdn.net/10254247_1486098971602846_1941139801_n.jpg","tags":"","camera_filter":"Valencia","as_of":"1398147181","caption":"❤️很喜歡這個造型,謝謝Chloe~ Take care in Paris dear @chloemakcm","likes_count":"4582","content_type":"image"}
{"the_date":"20140422","sdoid":"4","lat":"","longt":"","link":"http://instagram.com/p/nFR1hdq_9t/","thumbimage":"http://distilleryimage0.s3.amazonaws.com/ae6fb72ec9e811e3a02d0002c9924888_5.jpg","regimage":"http://distilleryimage0.s3.amazonaws.com/ae6fb72ec9e811e3a02d0002c9924888_8.jpg","tags":"وصفات_hend","camera_filter":"Normal","as_of":"1398149007","caption":"حاليا قاعدة أجهز كيكة الورد 🌺 مثل مالحظتوا بالفيديو مااستخدمت زيت 😊 حطيت بدالة كريمة خفق وضفت الدريم ويب حق خليط الكيك ... وناقص بعد تغطية الجبن الي بزين فيها الكيكة ....تبون الشكل النهائي والوصفة 💝 تابعوني \n#وصفات_hend","likes_count":"1793","content_type":"video"}
{"the_date":"20140422","sdoid":"4","lat":"32.092763847","longt":"34.791767655","link":"http://instagram.com/p/nFbHUlGWd_/","thumbimage":"http://distilleryimage4.s3.amazonaws.com/60fdac9cc9f411e391620002c9d60b10_5.jpg","regimage":"http://distilleryimage4.s3.amazonaws.com/60fdac9cc9f411e391620002c9d60b10_8.jpg","tags":"","camera_filter":"Walden","as_of":"1398153871","caption":"GM 🐚 \nThanks , I love it @shellbysharon 💙","likes_count":"429","content_type":"image"}
{"the_date":"20140422","sdoid":"4","lat":"","longt":"","link":"http://instagram.com/p/nFQriwMrOn/","thumbimage":"http://distilleryimage4.s3.amazonaws.com/8b0fdadac9e711e3b3e40002c9549ee8_5.jpg","regimage":"http://distilleryimage4.s3.amazonaws.com/8b0fdadac9e711e3b3e40002c9549ee8_8.jpg","tags":"anotherworkingday-superteam-thankyou","camera_filter":"Rise","as_of":"1398148401","caption":"กว่าจะวนมาเจอกัน 😎😎👍👍🙏🙏 #anotherworkingday #thankyou #superteam 😘😘","likes_count":"7859","content_type":"image"}
{"the_date":"20140422","sdoid":"4","lat":"","longt":"","link":"http://instagram.com/p/nFZzs9iRv7/","thumbimage":"http://distilleryimage10.s3.amazonaws.com/1d20bb96c9f311e38aca0002c9d655f2_5.jpg","regimage":"http://distilleryimage10.s3.amazonaws.com/1d20bb96c9f311e38aca0002c9d655f2_8.jpg","tags":"","camera_filter":"Normal","as_of":"1398153186","caption":"👍","likes_count":"1340","content_type":"video"}
{"the_date":"20140422","sdoid":"4","lat":"13.750667218","longt":"100.592292883","link":"http://instagram.com/p/nFayWER6yT/","thumbimage":"http://distilleryimage2.s3.amazonaws.com/2185ec46c9f411e3a2120002c992909a_5.jpg","regimage":"http://distilleryimage2.s3.amazonaws.com/2185ec46c9f411e3a2120002c992909a_8.jpg","tags":"","camera_filter":"Ashby","as_of":"1398153700","caption":"สีลิปที่ถามกันมาเยอะ ทาแบบนี้ๆ :)","likes_count":"258","content_type":"video"}
{"the_date":"20140422","sdoid":"4","lat":"","longt":"","link":"http://instagram.com/p/nFZme3ECLA/","thumbimage":"http://distilleryimage10.s3.amazonaws.com/e17f7e60c9f211e3b4a20002c9d7483e_5.jpg","regimage":"http://distilleryimage10.s3.amazonaws.com/e17f7e60c9f211e3b4a20002c9d7483e_8.jpg","tags":"","camera_filter":"Valencia","as_of":"1398153078","caption":"Yum 😍👌💕","likes_count":"441","content_type":"image"}
{"the_date":"20140422","sdoid":"4","lat":"41.070803966","longt":"29.013486499","link":"http://instagram.com/p/nFNFvsjl-f/","thumbimage":"http://distilleryimage10.s3.amazonaws.com/8fa48e32c9e311e3b0d50002c99af75a_5.jpg","regimage":"http://distilleryimage10.s3.amazonaws.com/8fa48e32c9e311e3b0d50002c99af75a_8.jpg","tags":"","camera_filter":"Valencia","as_of":"1398146518","caption":"Iste boyle bi ev :))","likes_count":"6724","content_type":"image"}
{"the_date":"20140422","sdoid":"4","lat":"","longt":"","link":"http://instagram.com/p/nFS-yvkTxw/","thumbimage":"http://distilleryimage4.s3.amazonaws.com/c3d5329ac9ea11e3888e0002c99cb630_5.jpg","regimage":"http://distilleryimage4.s3.amazonaws.com/c3d5329ac9ea11e3888e0002c99cb630_8.jpg","tags":"wesmileforstylepostz","camera_filter":"Normal","as_of":"1398149607","caption":"1 or 2? \nIf you LOoOooVE to SHOP Follow account👇👇👇👇👇\n🎀@HairNailsDiary.🌼 🎀@HairNailsDiary🌼 🎀@HairNailsDiary.🌼 🎀@HairNailsDiary🌼. 🎀@HairNailsDiary🌼 🎀@HairNailsDiary\n#wesmileforstylepostz\n♫ Music: Chris Daughtry - Life After You","likes_count":"2183","content_type":"video"}
