{"the_date":"20140422","sdoid":"4","lat":"","longt":"","link":"http://instagram.com/p/nFWhIySkUB/","thumbimage":"http://distilleryimage4.s3.amazonaws.com/ee3c5622c9ee11e395260002c9db5c2c_5.jpg","regimage":"http://distilleryimage4.s3.amazonaws.com/ee3c5622c9ee11e395260002c9db5c2c_8.jpg","tags":"","camera_filter":"Normal","as_of":"1398151461","caption":"🌊🌴☀️\nOne day ... With us 🙌🙏💗\n@valentinlucas9 @islandkeyslucas","likes_count":"3040","content_type":"image"}
{"the_date":"20140422","sdoid":"4","lat":"","longt":"","link":"http://instagram.com/p/nFM-y4uKKQ/","thumbimage":"http://origincache-prn.fbcdn.net/927926_751849174845432_1116674656_s.jpg","regimage":"http://origincache-prn.fbcdn.net/927926_751849174845432_1116674656_n.jpg","tags":"","camera_filter":"Normal","as_of":"1398146462","caption":"🌹🌺🌷💐🌸🌼🌞","likes_count":"6878","content_type":"image"}
{"the_date":"20140422","sdoid":"4","lat":"","longt":"","link":"http://instagram.com/p/nFTs7YGOdr/","thumbimage":"http://distilleryimage6.s3.amazonaws.com/9e1d3a2ac9ea11e3a55d0002c9df5e1a_5.jpg","regimage":"http://distilleryimage6.s3.amazonaws.com/9e1d3a2ac9ea11e3a55d0002c9df5e1a_8.jpg","tags":"soexcited-marionhairandbeauty","camera_filter":"X-Pro II","as_of":"1398149985","caption":"The Logies preperation has begun! 1 appointment down, only 500 others to go.... #marionhairandbeauty #soexcited!!!!","likes_count":"2018","content_type":"image"}
{"the_date":"20140422","sdoid":"4","lat":"","longt":"","link":"http://instagram.com/p/nFP9U5G3TT/","thumbimage":"http://distilleryimage10.s3.amazonaws.com/05266dbcc9e711e395480002c9de3a06_5.jpg","regimage":"http://distilleryimage10.s3.amazonaws.com/05266dbcc9e711e395480002c9de3a06_8.jpg","tags":"coffeemonday","camera_filter":"Normal","as_of":"1398148022","caption":"Thank you @Starbucks for this crazy #coffeemonday and all the joys that came with it :)","likes_count":"6392","content_type":"image"}
{"the_date":"20140422","sdoid":"4","lat":"","longt":"","link":"http://instagram.com/p/nFXrPBGvMY/","thumbimage":"http://distilleryimage10.s3.amazonaws.com/6c79c820c9f011e3873f0002c99d2bae_5.jpg","regimage":"http://distilleryimage10.s3.amazonaws.com/6c79c820c9f011e3873f0002c99d2bae_8.jpg","tags":"","camera_filter":"Normal","as_of":"1398152068","caption":"Love 1 2 3 or 4? \nFollow top fashion account 💖💖💖💖💖💖💖@sheoutfits 💕💕💕💕💕💕@thegirlscollection","likes_count":"1893","content_type":"image"}
{"the_date":"20140422","sdoid":"4","lat":"13.737764829","longt":"100.559852868","link":"http://instagram.com/p/nFYZwgqYju/","thumbimage":"http://origincache-prn.fbcdn.net/10261214_237856519755936_1494820696_s.jpg","regimage":"http://origincache-prn.fbcdn.net/10261214_237856519755936_1494820696_n.jpg","tags":"queenp","camera_filter":"Normal","as_of":"1398152450","caption":"When i fall in love on Tuesday:: 💗💗💗 @ilovequeenp #queenp","likes_count":"4725","content_type":"image"}
{"the_date":"20140422","sdoid":"4","lat":"32.78498","longt":"130.370803333","link":"http://instagram.com/p/nFY9toGXSK/","thumbimage":"http://distilleryimage0.s3.amazonaws.com/ea6910c8c9f111e3b8f30002c9df6c3c_5.jpg","regimage":"http://distilleryimage0.s3.amazonaws.com/ea6910c8c9f111e3b8f30002c9df6c3c_8.jpg","tags":"sayhikyushu","camera_filter":"Lo-fi","as_of":"1398152744","caption":"นั่งมองปลาคราฟก็เพลินดีนะเนี่ย #sayhikyushu","likes_count":"638","content_type":"image"}
{"the_date":"20140422","sdoid":"4","lat":"","longt":"","link":"http://instagram.com/p/nFWXwJqQKE/","thumbimage":"http://distilleryimage6.s3.amazonaws.com/a8e7ca8ec9ee11e38b780002c954a3d6_5.jpg","regimage":"http://distilleryimage6.s3.amazonaws.com/a8e7ca8ec9ee11e38b780002c954a3d6_8.jpg","tags":"mclaren-gt500-lowandstanced-shelby","camera_filter":"Normal","as_of":"1398151385","caption":"Shelby vs Mclaren \n#LOWANDSTANCED\n\nTAG A FRIEND\n\nSend pictures to our email! \nLowandstanced_email@yahoo.com\n\nGO FOLLOW\n@piercestar\n@piercestar\n@piercestar\n\n#shelby #gt500 #mclaren\n\nVideo : @racingvids","likes_count":"1102","content_type":"video"}
{"the_date":"20140422","sdoid":"4","lat":"-38.328924913","longt":"144.313600705","link":"http://instagram.com/p/nFQkvCiPIX/","thumbimage":"http://distilleryimage8.s3.amazonaws.com/b03e3090c9e711e3905b24be059d05e0_5.jpg","regimage":"http://distilleryimage8.s3.amazonaws.com/b03e3090c9e711e3905b24be059d05e0_8.jpg","tags":"quiksurf","camera_filter":"Normal","as_of":"1398148345","caption":"Fact: swapping stories and talking trash post-session is awesome. Photo: @craig__anderson by @morganmaassen #QuikSurf","likes_count":"4262","content_type":"image"}
{"the_date":"20140422","sdoid":"4","lat":"13.71255043","longt":"100.592926769","link":"http://instagram.com/p/nFSv73zPm6/","thumbimage":"http://origincache-prn.fbcdn.net/1538477_516380608473760_1227399972_s.jpg","regimage":"http://origincache-prn.fbcdn.net/1538477_516380608473760_1227399972_n.jpg","tags":"hhgangster-himandherstore-himandherstudio","camera_filter":"Normal","as_of":"1398149486","caption":"I'm wearing my @himandherstore 👠shoe today ! In FUSCHIA ! #hhgangster #himandherstudio #himandherstore","likes_count":"2485","content_type":"image"}
{"the_date":"20140422","sdoid":"4","lat":"","longt":"","link":"http://instagram.com/p/nFIuChukcS/","thumbimage":"http://distilleryimage10.s3.amazonaws.com/43f7ccd8c9de11e399530002c9564d02_5.jpg","regimage":"http://distilleryimage10.s3.amazonaws.com/43f7ccd8c9de11e399530002c9564d02_8.jpg","tags":"","camera_filter":"Normal","as_of":"1398144227","caption":"今日は髪を暗くしてからはじめての撮影❤︎ zipper 🐩❤︎","likes_count":"6817","content_type":"image"}
{"the_date":"20140422","sdoid":"4","lat":"14.687122714","longt":"121.028849313","link":"http://instagram.com/p/nFRNcLiGCt/","thumbimage":"http://origincache-prn.fbcdn.net/10296965_649972268415697_989970403_s.jpg","regimage":"http://origincache-prn.fbcdn.net/10296965_649972268415697_989970403_n.jpg","tags":"","camera_filter":"Normal","as_of":"1398148679","caption":"Love my bangle @yellowpastelfashionshoppe ❤️\nFollow for more designs!","likes_count":"4353","content_type":"image"}
{"the_date":"20140422","sdoid":"4","lat":"","longt":"","link":"http://instagram.com/p/nFKWpgCNGt/","thumbimage":"http://distilleryimage10.s3.amazonaws.com/469b1222c9e011e3ac860002c9d41d12_5.jpg","regimage":"http://distilleryimage10.s3.amazonaws.com/469b1222c9e011e3ac860002c9d41d12_8.jpg","tags":"","camera_filter":"Normal","as_of":"1398145101","caption":"2 Broke Girls season 10","likes_count":"10760","content_type":"image"}
{"the_date":"20140422","sdoid":"4","lat":"37.75433","longt":"-122.477736667","link":"http://instagram.com/p/nFSaypST5e/","thumbimage":"http://distilleryimage4.s3.amazonaws.com/ddb980c2c9e911e3944c0002c9db68f8_5.jpg","regimage":"http://distilleryimage4.s3.amazonaws.com/ddb980c2c9e911e3944c0002c9db68f8_8.jpg","tags":"sf-sofull","camera_filter":"Normal","as_of":"1398149312","caption":"Last stop Mango sago for dessert @coryphood. #SoFull #sf","likes_count":"7886","content_type":"image"}
{"the_date":"20140422","sdoid":"4","lat":"","longt":"","link":"http://instagram.com/p/nFUkX5GU-D/","thumbimage":"http://distilleryimage0.s3.amazonaws.com/a764b638c9ec11e39dc30002c99aaf48_5.jpg","regimage":"http://distilleryimage0.s3.amazonaws.com/a764b638c9ec11e39dc30002c99aaf48_8.jpg","tags":"","camera_filter":"Amaro","as_of":"1398150439","caption":"Mami back home .....😒😒😒","likes_count":"3817","content_type":"image"}
{"the_date":"20140422","sdoid":"4","lat":"","longt":"","link":"http://instagram.com/p/nFWurirjti/","thumbimage":"http://distilleryimage6.s3.amazonaws.com/49ba4158c9ef11e388a80002c99b1a82_5.jpg","regimage":"http://distilleryimage6.s3.amazonaws.com/49ba4158c9ef11e388a80002c99b1a82_8.jpg","tags":"gunaydin-love-ankara-cesme-tepedenmoda-turkiye-bilkent-antalya-gununfotografi-gununkaresi-izmir-batumi-georgia-istanbul-trabzon-nisantasi-bayildim-bodrum-taksim","camera_filter":"Normal","as_of":"1398151696","caption":"#batumi  #georgia #gunaydin #turkiye #trabzon #gununfotografi #gununkaresi #tepedenmoda #bayildim #nisantasi #cesme #love #taksim #bilkent #ankara #istanbul #izmir #antalya #bodrum","likes_count":"1139","content_type":"image"}
{"the_date":"20140422","sdoid":"4","lat":"24.988768909","longt":"121.302183518","link":"http://instagram.com/p/nFV-yCMekT/","thumbimage":"http://distilleryimage0.s3.amazonaws.com/89bfe0cac9ed11e397770002c9991538_5.jpg","regimage":"http://distilleryimage0.s3.amazonaws.com/89bfe0cac9ed11e397770002c9991538_8.jpg","tags":"","camera_filter":"Normal","as_of":"1398151180","caption":"四月是身邊愛人們的生日月❤️\n祝四月壽星牛牛🐂🐂們生日快樂🎂💋","likes_count":"1445","content_type":"video"}
{"the_date":"20140422","sdoid":"4","lat":"","longt":"","link":"http://instagram.com/p/nFOimjOMu0/","thumbimage":"http://distilleryimage10.s3.amazonaws.com/22eed8fec9e511e398d60002c99ae45e_5.jpg","regimage":"http://distilleryimage10.s3.amazonaws.com/22eed8fec9e511e398d60002c99ae45e_8.jpg","tags":"","camera_filter":"Normal","as_of":"1398147279","caption":"صباح الخير 🐪☀️","likes_count":"4132","content_type":"video"}
{"the_date":"20140422","sdoid":"4","lat":"13.712205137","longt":"100.58462793","link":"http://instagram.com/p/nFXkI_My-w/","thumbimage":"http://distilleryimage4.s3.amazonaws.com/06209e6ec9f011e39e2e0002c9dced60_5.jpg","regimage":"http://distilleryimage4.s3.amazonaws.com/06209e6ec9f011e39e2e0002c9dced60_8.jpg","tags":"","camera_filter":"Normal","as_of":"1398152010","caption":"ฝากกันโหน่ยยย http://youtu.be/DR9lg1z7woQ นะก๊ะ NYLON TV THAILAND + NYLONISTA - PINK PACHABADEE 🌚","likes_count":"1415","content_type":"video"}
{"the_date":"20140422","sdoid":"4","lat":"","longt":"","link":"http://instagram.com/p/nFXyWwobTH/","thumbimage":"http://origincache-ash.fbcdn.net/10175265_658378287530804_1139695029_s.jpg","regimage":"http://origincache-ash.fbcdn.net/10175265_658378287530804_1139695029_n.jpg","tags":"","camera_filter":"Normal","as_of":"1398152127","caption":"Yay or Nay?????","likes_count":"5192","content_type":"image"}
