{"woeid":"23424977","the_date":"20140422","sdoid":"2","title":"Escarabajo pelotero","search_count":">5000","rank":"1","url":"www.losandes.com.ar/notas/2014/4/22/google-celebra-tierra-colibri-rufo-780924.asp","image_url":"t2.gstatic.com/images?q=tbn:ANd9GcQTFhCMuyCiJ1pGblRim0JPTsXdF7uRPaGqyHytDi-USBj_xK70MYVUuVENgXpVOeGlh8oaKtI","timestamp":"2014-04-22 16:54:10 +0000"}
{"woeid":"23424977","the_date":"20140422","sdoid":"2","title":"Pez globo","search_count":">500","rank":"2","url":"www.prensario.net/8546-Dori-Media-y-TV-Publica-confirman-tercera-temporada-de-emEn-Terapiaem.note.aspx","image_url":"t2.gstatic.com/images?q=tbn:ANd9GcSH1j8c16NGvZyKYbgy3_Z0UGKYcTR6Non9SmEQdkQ-QUyJ1oi0O2NPP0NMcxPhY6QfQfIzCQmN","timestamp":"2014-04-22 16:54:10 +0000"}
{"woeid":"23424977","the_date":"20140422","sdoid":"2","title":"Medusa luna","search_count":">500","rank":"3","url":"www.lavozdegalicia.es/noticia/informacion/2014/04/22/desnudo-integral-scarlett-johansson-escandaliza-redes/00031398164314461679891.htm","image_url":"t1.gstatic.com/images?q=tbn:ANd9GcRNxBy897li_c_RARwg2Y99G4miliyJkS4zfxVLaBMvRx-F_l_kKhbgXbZfcOhhhNc8Kyd22DV4","timestamp":"2014-04-22 16:54:10 +0000"}
{"woeid":"23424977","the_date":"20140422","sdoid":"2","title":"Tv Publica","search_count":">500","rank":"4","url":"www.infobae.com/2014/04/20/1558454-riquelme-la-noche-boca-tigre-un-gol-agonico","image_url":"t3.gstatic.com/images?q=tbn:ANd9GcTO14Kk38FEz_wJjNZUhmTgOb0J0oG28wAb1PRRwd7j_rT_bp6Z5BfhXnytZGFlQk1ZHFcUelXT","timestamp":"2014-04-22 16:54:10 +0000"}
{"woeid":"23424977","the_date":"20140422","sdoid":"2","title":"Crucero del Norte","search_count":">500","rank":"5","url":"www.riverplate.com/Noticias/futbol-profesional/Torneos-Locales/Torneo-Final-2014/21650-ramon-diaz-river-demostro-quiere-pelear-ser-campeon-velez.html","image_url":"t1.gstatic.com/images?q=tbn:ANd9GcTD6J7PVn7W9l88szyn_K4Ri1R3gY-vq5gx7dDabTsqW4QtJzdNMUJW1t-XasC0yhO9VTRvtGw","timestamp":"2014-04-22 16:54:10 +0000"}
{"woeid":"23424747","the_date":"20140422","sdoid":"2","title":"Escarabajo pelotero","search_count":">5000","rank":"1","url":"www.losandes.com.ar/notas/2014/4/22/google-celebra-tierra-colibri-rufo-780924.asp","image_url":"t2.gstatic.com/images?q=tbn:ANd9GcQTFhCMuyCiJ1pGblRim0JPTsXdF7uRPaGqyHytDi-USBj_xK70MYVUuVENgXpVOeGlh8oaKtI","timestamp":"2014-04-22 16:54:48 +0000"}
{"woeid":"23424747","the_date":"20140422","sdoid":"2","title":"Pez globo","search_count":">500","rank":"2","url":"www.prensario.net/8546-Dori-Media-y-TV-Publica-confirman-tercera-temporada-de-emEn-Terapiaem.note.aspx","image_url":"t2.gstatic.com/images?q=tbn:ANd9GcSH1j8c16NGvZyKYbgy3_Z0UGKYcTR6Non9SmEQdkQ-QUyJ1oi0O2NPP0NMcxPhY6QfQfIzCQmN","timestamp":"2014-04-22 16:54:48 +0000"}
{"woeid":"23424747","the_date":"20140422","sdoid":"2","title":"Medusa luna","search_count":">500","rank":"3","url":"www.lavozdegalicia.es/noticia/informacion/2014/04/22/desnudo-integral-scarlett-johansson-escandaliza-redes/00031398164314461679891.htm","image_url":"t1.gstatic.com/images?q=tbn:ANd9GcRNxBy897li_c_RARwg2Y99G4miliyJkS4zfxVLaBMvRx-F_l_kKhbgXbZfcOhhhNc8Kyd22DV4","timestamp":"2014-04-22 16:54:48 +0000"}
{"woeid":"23424747","the_date":"20140422","sdoid":"2","title":"Tv Publica","search_count":">500","rank":"4","url":"www.infobae.com/2014/04/20/1558454-riquelme-la-noche-boca-tigre-un-gol-agonico","image_url":"t3.gstatic.com/images?q=tbn:ANd9GcTO14Kk38FEz_wJjNZUhmTgOb0J0oG28wAb1PRRwd7j_rT_bp6Z5BfhXnytZGFlQk1ZHFcUelXT","timestamp":"2014-04-22 16:54:48 +0000"}
{"woeid":"23424747","the_date":"20140422","sdoid":"2","title":"Crucero del Norte","search_count":">500","rank":"5","url":"www.riverplate.com/Noticias/futbol-profesional/Torneos-Locales/Torneo-Final-2014/21650-ramon-diaz-river-demostro-quiere-pelear-ser-campeon-velez.html","image_url":"t1.gstatic.com/images?q=tbn:ANd9GcTD6J7PVn7W9l88szyn_K4Ri1R3gY-vq5gx7dDabTsqW4QtJzdNMUJW1t-XasC0yhO9VTRvtGw","timestamp":"2014-04-22 16:54:48 +0000"}
{"woeid":"23424748","the_date":"20140422","sdoid":"2","title":"Tag der Erde 2014","search_count":">2000","rank":"1","url":"www.profil.at/articles/1417/984/374496/tag-erde-2014-google-zimtkolibri-kugelfisch-mistkaefer","image_url":"t1.gstatic.com/images?q=tbn:ANd9GcQLFRv00bq-a4r37_S9Fm3lCwzhSoiACQbrqkvkwnGfKVkgy7EjtOtySpw","timestamp":"2014-04-22 16:55:26 +0000"}
{"woeid":"23424748","the_date":"20140422","sdoid":"2","title":"Elke Lichtenegger","search_count":">500","rank":"2","url":"www.profil.at/articles/1417/983/374508/oe3-moderatorin-elke-lichtenegger-musikszene-rage","image_url":"t2.gstatic.com/images?q=tbn:ANd9GcRCRovQEPqWpgAHyZRA7yr2Y-_gQ-3rdFi3caqF2QdX3opZgh2eS9kn_OTr","timestamp":"2014-04-22 16:55:26 +0000"}
{"woeid":"23424748","the_date":"20140422","sdoid":"2","title":"Schneeaffe","search_count":">500","rank":"3","url":"www.sueddeutsche.de/wissen/google-doodle-wissen-jemenchamaeleon-schneeaffe-und-ohrenqualle-wie-sich-tiere-salzkartoffeln-zubereiten-1.1941170","image_url":"t3.gstatic.com/images?q=tbn:ANd9GcTkvJKXvAbU7i6lbOe23GIO9fX4wtmuN4DMQjh16K4Dc2Y53YxQP0RTswsM","timestamp":"2014-04-22 16:55:26 +0000"}
{"woeid":"23424748","the_date":"20140422","sdoid":"2","title":"Oliver Wnuk","search_count":">200","rank":"4","url":"www.spiegel.de/panorama/leute/yvonne-catterfeld-schauspielerin-bekommt-erstes-kind-mit-oliver-wnuk-a-965458.html","image_url":"t0.gstatic.com/images?q=tbn:ANd9GcQodXT4wz6bt7RIkax51ubXdayTWmz8qB46ywwRXb5TJW4YrPFr8WATtlk","timestamp":"2014-04-22 16:55:26 +0000"}
{"woeid":"23424748","the_date":"20140422","sdoid":"2","title":"Champions League","search_count":">100","rank":"5","url":"www.welt.de/sport/fussball/article127176691/Atletico-Madrid-gegen-Chelsea-live-in-TV-amp-Ticker.html","image_url":"t0.gstatic.com/images?q=tbn:ANd9GcT_ZYUeA_3E3NqTbWcaNEwLSwWa2m1Ygh3XiKj_3QynjlmqFeLEzKbcNrU","timestamp":"2014-04-22 16:55:26 +0000"}
{"woeid":"23424748","the_date":"20140422","sdoid":"2","title":"Manchester United","search_count":">100","rank":"6","url":"www.kleinezeitung.at/sport/fussball/3610362/moyes-bei-manchester-united-vor-entlassung.story","image_url":"t0.gstatic.com/images?q=tbn:ANd9GcQtucr-DjUyVsHU6Dus_uMejn3mm0VSv14NcEwms0cDZvdoyMzZRoQsTcN_","timestamp":"2014-04-22 16:55:26 +0000"}
{"woeid":"23424748","the_date":"20140422","sdoid":"2","title":"Final Destination 5","search_count":">100","rank":"7","url":"www.quotenmeter.de/n/70276/final-destination-5-floppt-an-schwachem-filmabend","image_url":"t1.gstatic.com/images?q=tbn:ANd9GcTsDQaUavGoLzUSoprDo4JuEW8Qq_esjctjKIW7vCemjcHyvWRp7Hz4GjUZ","timestamp":"2014-04-22 16:55:26 +0000"}
{"woeid":"23424750","the_date":"20140422","sdoid":"2","title":"Stemtest","search_count":">500","rank":"1","url":"www.rtl.be/info/belgique/politique/1085638/la-voix-des-belges-qui-sera-le-plus-proche-de-vous-","image_url":"t0.gstatic.com/images?q=tbn:ANd9GcRNJMsUeHP0IoSu2W0M5fm0pUVuBRvy6OAd5NBOtALgJCkIuNe_Cnl1m8c1iO9N2cwSuSGO9No","timestamp":"2014-04-22 16:56:04 +0000"}
{"woeid":"23424750","the_date":"20140422","sdoid":"2","title":"LA VOIX DES BELGES","search_count":">200","rank":"2","url":"www.7sur7.be/7s7/fr/1527/People/article/detail/1859545/2014/04/21/Le-dernier-adieu-a-Peaches-Geldof.dhtml","image_url":"t3.gstatic.com/images?q=tbn:ANd9GcRtGBcaV8cFfsX_bmdmGcBbid_CZu1PLfToliz4BJY5sjsczQMMukPSvcxJos-gO_VlY3ZT9oI","timestamp":"2014-04-22 16:56:04 +0000"}
{"woeid":"23424750","the_date":"20140422","sdoid":"2","title":"Peaches Geldof","search_count":">100","rank":"3","url":"www.dhnet.be/medias/telerealite/pierre-auge-top-chef-2014-535588043570d35ee3f4ae83","image_url":"t1.gstatic.com/images?q=tbn:ANd9GcQQybB_XeOqcYf437avi036zWcRAhy_lzhH5S1XyTU2f9Dx13nqawohHtiADgrfMtMAo_GHzJw","timestamp":"2014-04-22 16:56:04 +0000"}
{"woeid":"23424775","the_date":"20140422","sdoid":"2","title":"Earth Day","search_count":">1000","rank":"1","url":"www.theguardian.com/environment/2014/apr/22/earth-day-japanese-macaques-rufous-hummingbird-google-doodle","image_url":"t2.gstatic.com/images?q=tbn:ANd9GcSJnb6ZwPZn0IKW2L23KbTYFFzT-wU1zgFBJDP5CGNjWN9j89B2PjdUl_v8e5txT3qn5Zl_nDlz","timestamp":"2014-04-22 16:57:58 +0000"}
{"woeid":"23424775","the_date":"20140422","sdoid":"2","title":"Earth Day 2014","search_count":">1000","rank":"2","url":"www.independent.co.uk/life-style/gadgets-and-tech/news/google-doodle-celebrates-earth-day-2014-with-five-cute-creatures-9273607.html","image_url":"t2.gstatic.com/images?q=tbn:ANd9GcSJnb6ZwPZn0IKW2L23KbTYFFzT-wU1zgFBJDP5CGNjWN9j89B2PjdUl_v8e5txT3qn5Zl_nDlz","timestamp":"2014-04-22 16:57:58 +0000"}
{"woeid":"23424782","the_date":"20140422","sdoid":"2","title":"roja directa","search_count":">2000","rank":"1","url":"www.lavozdegalicia.es/noticia/informacion/2014/04/21/dia-tierra-2014-camaleon-velado-colibri-rufo-macaco-japones-escarabajo-pelotero-medusa-luna-pez-globo-tu-favorito/00031398104575723761205.htm","image_url":"t1.gstatic.com/images?q=tbn:ANd9GcTOy2zvfKo_EVGdNTzidwS8x8IepwpvnWBCX8VrEBBlI9uEnyzy87OtUERyKqZl2om_FFdKZMr6","timestamp":"2014-04-22 16:58:36 +0000"}
{"woeid":"23424938","the_date":"20140422","sdoid":"2","title":"Earth Day","search_count":">1000","rank":"1","url":"www.telegraph.co.uk/sport/football/teams/manchester-united/10779091/Borussia-Dortmund-coach-Jurgen-Klopp-not-interested-in-succeeding-David-Moyes-as-Manchester-United-manager.html","image_url":"t2.gstatic.com/images?q=tbn:ANd9GcSJnb6ZwPZn0IKW2L23KbTYFFzT-wU1zgFBJDP5CGNjWN9j89B2PjdUl_v8e5txT3qn5Zl_nDlz","timestamp":"2014-04-22 16:59:14 +0000"}
{"woeid":"23424938","the_date":"20140422","sdoid":"2","title":"Jurgen Klopp","search_count":">200","rank":"2","url":"www.techinasia.com/grabtaxi-eat-comforts-lunch/","image_url":"t0.gstatic.com/images?q=tbn:ANd9GcS5kcKbHiwkkXRJMqPfDVVM1CxGRs3qDrkq12m3Uc1S-EQaeMDChvfXi9xBCL2GsjzMuWPCRw5s","timestamp":"2014-04-22 16:59:14 +0000"}
{"woeid":"23424938","the_date":"20140422","sdoid":"2","title":"Aditya Chopra","search_count":">200","rank":"3","url":"www.ndtv.com/article/world/boy-who-hid-in-plane-s-wheel-well-beat-long-odds-in-surviving-511965","image_url":"t2.gstatic.com/images?q=tbn:ANd9GcSDrdXXZSEG3dumRr5GPAZmmSTxbkur09M39lnk7VanArnbZBAzS1mi-11kP63qe5Ut99S-bHiA","timestamp":"2014-04-22 16:59:14 +0000"}
{"woeid":"23424938","the_date":"20140422","sdoid":"2","title":"GrabTaxi","search_count":">200","rank":"4","url":"www.independent.ie/entertainment/tv-radio/lindsay-lohan-reveals-she-had-a-miscarriage-its-a-long-story-30203692.html","image_url":"t0.gstatic.com/images?q=tbn:ANd9GcSSX2tkAD9f4HD0IsXZ_tBqFtisixsPo3BaT7-ZgzgzVlSgkbJC9sLvJrmxgA3yi7MJMqZLsFEA","timestamp":"2014-04-22 16:59:14 +0000"}
{"woeid":"23424938","the_date":"20140422","sdoid":"2","title":"wheel well","search_count":">100","rank":"5","url":"www.telegraph.co.uk/sport/football/teams/manchester-united/10778134/10-mistakes-that-have-caused-David-Moyess-downfall-at-Manchester-United.html","image_url":"t2.gstatic.com/images?q=tbn:ANd9GcQbhQXvAFNsMkJ1MfxS0VvZbpDYyFe5vV3ErUOa9I6n-1QJ-yOn6fQpxzWbLIYmk1brNySdSnQ_","timestamp":"2014-04-22 16:59:14 +0000"}
{"woeid":"23424938","the_date":"20140422","sdoid":"2","title":"Lindsay Lohan","search_count":">100","rank":"6","url":"www.straitstimes.com/news/asia/south-east-asia/story/malaysia-airlines-bangalore-bound-flight-mh192-turns-back-towards-kl","image_url":"t3.gstatic.com/images?q=tbn:ANd9GcQMS-OFp5gkg0t1Q-a7wvxel2e-o__ylVKqroFKMKjbYI-Hn6Czf_FKZ_Blz1MrNeId96c3C7c","timestamp":"2014-04-22 16:59:14 +0000"}
{"woeid":"23424938","the_date":"20140422","sdoid":"2","title":"Ha Ji Won","search_count":">100","rank":"7","url":"www.ibtimes.com/game-thrones-season-4-spoilers-new-breaker-chains-features-oathkeeper-preview-video-1574314","image_url":"t1.gstatic.com/images?q=tbn:ANd9GcTD4cVMZ8ONbS3tkitIpmGHRD_3IclcldbpZ8Z1pOPzV1aR_kw3aS8j5OXSTfRzkgbWQdywmbA","timestamp":"2014-04-22 16:59:14 +0000"}
{"woeid":"23424948","the_date":"20140422","sdoid":"2","title":"Sky Sports","search_count":">200","rank":"1","url":"www1.skysports.com/f1/news/22058/9276890/sky-f1-has-a-week-of-programmes-to-mark-the-20th-anniversary-of-ayrton-sennas-death","image_url":"t1.gstatic.com/images?q=tbn:ANd9GcRvn_Z_4GfrT8StRAtaob7xIsuqa4t8QvxglY9UB6CZea4vr2qXbDyIsRaZwCopbbCoeoOf71p6","timestamp":"2014-04-22 16:59:52 +0000"}
{"woeid":"23424942","the_date":"20140422","sdoid":"2","title":"Pez globo","search_count":">200","rank":"1","url":"www.lavozdegalicia.es/noticia/informacion/2014/04/21/dia-tierra-2014-camaleon-velado-colibri-rufo-macaco-japones-escarabajo-pelotero-medusa-luna-pez-globo-tu-favorito/00031398104575723761205.htm","image_url":"t1.gstatic.com/images?q=tbn:ANd9GcRNxBy897li_c_RARwg2Y99G4miliyJkS4zfxVLaBMvRx-F_l_kKhbgXbZfcOhhhNc8Kyd22DV4","timestamp":"2014-04-22 17:00:29 +0000"}
{"woeid":"23424942","the_date":"20140422","sdoid":"2","title":"Medusa luna","search_count":">200","rank":"2","url":"www.pulzo.com/nacion/el-autor-de-gabriel-garcia-marquez-una-vida-prepara-segunda-biografia-del-nobel-121766","image_url":"t3.gstatic.com/images?q=tbn:ANd9GcTO14Kk38FEz_wJjNZUhmTgOb0J0oG28wAb1PRRwd7j_rT_bp6Z5BfhXnytZGFlQk1ZHFcUelXT","timestamp":"2014-04-22 17:00:29 +0000"}
{"woeid":"23424942","the_date":"20140422","sdoid":"2","title":"Escarabajo pelotero","search_count":">200","rank":"3","url":"www.latarde.com/actualidad/colombia/132509-gabo-lectura-nacional-en-el-dia-del-idioma","image_url":"t2.gstatic.com/images?q=tbn:ANd9GcSH1j8c16NGvZyKYbgy3_Z0UGKYcTR6Non9SmEQdkQ-QUyJ1oi0O2NPP0NMcxPhY6QfQfIzCQmN","timestamp":"2014-04-22 17:00:29 +0000"}
{"woeid":"23424787","the_date":"20140422","sdoid":"2","title":"Gran Torino","search_count":">500","rank":"1","url":"www.idobryden.cz/kultura/tradicni-den-zeme-v-novem/301ced30-c739-11e3-a987-5254003d369b/","image_url":"t2.gstatic.com/images?q=tbn:ANd9GcRwGlQfsXUaiyDkQY2rMIJvVSKEwC-Ujq6aNLZYZ_Zzg_RQHPVmGx3N7HwGMWTlHKRaOF0bamDV","timestamp":"2014-04-22 17:01:07 +0000"}
{"woeid":"23424787","the_date":"20140422","sdoid":"2","title":"Velikonoce","search_count":">100","rank":"2","url":"www.blesk.cz/clanek/celebrity-ceske-celebrity/247159/silhanovou-vyhodili-z-ranni-show-mares-s-hezuckym-si-otevreli-pusy-na-vedeni.html","image_url":"t1.gstatic.com/images?q=tbn:ANd9GcS9uYpUoCaANLmZGqpxd50owb5pLjevkg185VjHw773eVdEQlH4P28-wcxaZqHpovysigOyWLo","timestamp":"2014-04-22 17:01:07 +0000"}
{"woeid":"23424787","the_date":"20140422","sdoid":"2","title":"Louise Ford","search_count":">100","rank":"3","url":"www.novinky.cz/zena/zdravi/333159-sibirsky-zazrak-zlepsuje-imunitu-i-hojeni-kuze.html","image_url":"t1.gstatic.com/images?q=tbn:ANd9GcQq5HdeWZtz3JvIyyc011-smaMp-_IhczpDDf3ifo6-H2UdIGD3tBJL-vZPNiZ0PgimMDfDu6A","timestamp":"2014-04-22 17:01:07 +0000"}
{"woeid":"23424810","the_date":"20140422","sdoid":"2","title":"Google Docs","search_count":">100","rank":"1","url":"www.journalism.co.uk/video/screencast-adding-twitter-alerts-to-google-docs-using-zapier/s400/a556509/","image_url":"t2.gstatic.com/images?q=tbn:ANd9GcRUbrYpzyDLE0ucW3sis3f1Uu9vGK_FCrG16JoY2A5Gcw7BlfjwLmcFD8Fe7C67cvNC8EydAJMK","timestamp":"2014-04-22 17:01:45 +0000"}
{"woeid":"23424810","the_date":"20140422","sdoid":"2","title":"borderline","search_count":">100","rank":"2","url":"www.wired.com/2014/04/mst3k-oral-history/","image_url":"t3.gstatic.com/images?q=tbn:ANd9GcTyDQVMlYSDLZt1-38Bhtj_7dN54KgOoqki92K1CTDld3eEwogICSaIrPCZsXQmx7FIi383SIAW","timestamp":"2014-04-22 17:01:45 +0000"}
{"woeid":"23424810","the_date":"20140422","sdoid":"2","title":"Java Update","search_count":">100","rank":"3","url":"www.infoq.com/news/2014/04/azure-web-sites-update","image_url":"t2.gstatic.com/images?q=tbn:ANd9GcR-6BeB8tcw0qr5BLluvBvtx5x9K8OsOixdD0piKH7yzvtHWOor56ZJxQW2LKTvFtBVBIwbZF4","timestamp":"2014-04-22 17:01:45 +0000"}
{"woeid":"23424796","the_date":"20140422","sdoid":"2","title":"Google Docs","search_count":">100","rank":"1","url":"www.journalism.co.uk/video/screencast-adding-twitter-alerts-to-google-docs-using-zapier/s400/a556509/","image_url":"t2.gstatic.com/images?q=tbn:ANd9GcRUbrYpzyDLE0ucW3sis3f1Uu9vGK_FCrG16JoY2A5Gcw7BlfjwLmcFD8Fe7C67cvNC8EydAJMK","timestamp":"2014-04-22 17:02:23 +0000"}
{"woeid":"23424796","the_date":"20140422","sdoid":"2","title":"borderline","search_count":">100","rank":"2","url":"www.wired.com/2014/04/mst3k-oral-history/","image_url":"t3.gstatic.com/images?q=tbn:ANd9GcTyDQVMlYSDLZt1-38Bhtj_7dN54KgOoqki92K1CTDld3eEwogICSaIrPCZsXQmx7FIi383SIAW","timestamp":"2014-04-22 17:02:23 +0000"}
{"woeid":"23424796","the_date":"20140422","sdoid":"2","title":"Java Update","search_count":">100","rank":"3","url":"www.infoq.com/news/2014/04/azure-web-sites-update","image_url":"t2.gstatic.com/images?q=tbn:ANd9GcR-6BeB8tcw0qr5BLluvBvtx5x9K8OsOixdD0piKH7yzvtHWOor56ZJxQW2LKTvFtBVBIwbZF4","timestamp":"2014-04-22 17:02:23 +0000"}
{"woeid":"23424812","the_date":"20140422","sdoid":"2","title":"Rohff","search_count":">20000","rank":"1","url":"www.rtl.fr/actualites/info/environnement/article/jour-de-la-terre-la-planete-a-l-honneur-pendant-24-heures-7771337421","image_url":"t1.gstatic.com/images?q=tbn:ANd9GcSaiVnthIq-oc7E3MTHicKMOdw4BrXkHTPzvSfv_ZKV7_ImK1cJYDwXcCY","timestamp":"2014-04-22 17:03:39 +0000"}
{"woeid":"23424812","the_date":"20140422","sdoid":"2","title":"Le Jour de la Terre","search_count":">1000","rank":"2","url":"www.rtl.fr/actualites/info/environnement/article/jour-de-la-terre-la-planete-a-l-honneur-pendant-24-heures-7771337421","image_url":"t1.gstatic.com/images?q=tbn:ANd9GcTyB5eNYjxFwRo1yP-0wh9boigNuGrnzMpgm8PrEOs3XDL4EqZy0MXH7Dwn","timestamp":"2014-04-22 17:03:39 +0000"}
{"woeid":"23424812","the_date":"20140422","sdoid":"2","title":"David Moyes","search_count":">1000","rank":"3","url":"www.closermag.fr/tele/dossier-the-bachelor/saison-5/news/bachelor-2014-martika-eliminee-elle-devient-la-risee-de-twitter-310118","image_url":"t0.gstatic.com/images?q=tbn:ANd9GcQScRcCJuX5a77jJ-GGmUQOpH0F9ZtnDccFb03Pi1Rlch22thPaQjaR7BJT","timestamp":"2014-04-22 17:03:39 +0000"}
{"woeid":"23424812","the_date":"20140422","sdoid":"2","title":"Top Chef 2014","search_count":">1000","rank":"4","url":"www.staragora.com/news/pirates-des-caraibes-ce-soir-sur-tmc-retour-sur-les-5-meilleurs-films-de-keira-knightley/484261","image_url":"t1.gstatic.com/images?q=tbn:ANd9GcTyB5eNYjxFwRo1yP-0wh9boigNuGrnzMpgm8PrEOs3XDL4EqZy0MXH7Dwn","timestamp":"2014-04-22 17:03:39 +0000"}
{"woeid":"23424819","the_date":"20140422","sdoid":"2","title":"Champions League","search_count":">2000","rank":"1","url":"www.welt.de/sport/fussball/article127176691/Atletico-Madrid-gegen-Chelsea-live-in-TV-amp-Ticker.html","image_url":"t0.gstatic.com/images?q=tbn:ANd9GcQodXT4wz6bt7RIkax51ubXdayTWmz8qB46ywwRXb5TJW4YrPFr8WATtlk","timestamp":"2014-04-22 17:04:17 +0000"}
{"woeid":"23424829","the_date":"20140422","sdoid":"2","title":"Champions League","search_count":">1000","rank":"1","url":"www.newsbeast.gr/world/arthro/669808/i-google-tima-tin-imera-tis-gis/","image_url":"t2.gstatic.com/images?q=tbn:ANd9GcTcyPJNBDFa1MehbZvpOlFiY1ZYAj8Xnk7xDmLDdStGBSIg7EJszQ_p8fV_QytabwQs5TNBk_I","timestamp":"2014-04-22 17:04:55 +0000"}
{"woeid":"23424829","the_date":"20140422","sdoid":"2","title":"The Voice","search_count":">200","rank":"2","url":"www.news.gr/oikonomia/h-tseph-moy/article/143416/koinoniko-merisma-ta-10-vhmata-gia-thn-aithsh.html","image_url":"t0.gstatic.com/images?q=tbn:ANd9GcSHaAWuP-7BeCBDfMNXZUTkRnS4QxGplAYEq8Vrf7VJ--YJAHfjVZMMQOj2XA1ovOZqI3OJ7omx","timestamp":"2014-04-22 17:04:55 +0000"}
{"woeid":"23424829","the_date":"20140422","sdoid":"2","title":"Euroleague","search_count":">100","rank":"3","url":"www.naftemporiki.gr/story/798313/champions-league-o-imitelikos-ton-aoutsainter","image_url":"t2.gstatic.com/images?q=tbn:ANd9GcQub3sUL0C9c85BJ-_CQoRI6vtn7bzXhxUxyWFFTIiRiDxAJwnjsVZfHWsY1HMuH2dmBXVB4y8","timestamp":"2014-04-22 17:04:55 +0000"}
{"woeid":"23424833","the_date":"20140422","sdoid":"2","title":"M Club","search_count":">500","rank":"1","url":"www.cna.com.tw/news/FirstNews/201404225017-1.aspx","image_url":"t0.gstatic.com/images?q=tbn:ANd9GcTJkWSPWnGBEJSjmfUlSgK9d5HMr5gnf9cr9OGKrNbSpi0p9LQRVeZBIlCnYBIJgEm7ydJjtjU","timestamp":"2014-04-22 17:05:33 +0000"}
{"woeid":"24865698","the_date":"20140422","sdoid":"2","title":"Manchester United","search_count":">500","rank":"1","url":"www.origo.hu/sport/focivilag/20140422-a-manchester-united-elbocsatotta-edzojet-david-moyes-t.html","image_url":"t0.gstatic.com/images?q=tbn:ANd9GcTSjkoVRxsEOF6B3-bnsLtfvYJYdBS7T7ZhyEF2rSLokqjfshm74RHgs0DnmRRFW8uY_3KM-K2U","timestamp":"2014-04-22 17:06:10 +0000"}
{"woeid":"24865698","the_date":"20140422","sdoid":"2","title":"VV6","search_count":">100","rank":"2","url":"www.telesport.hu/2014/04/21/a-real-nyert-a-pancho-arena-avatasan/","image_url":"t0.gstatic.com/images?q=tbn:ANd9GcQsWpG-LhwuvooOU868y0LpsmK5AuvaBGu54E5HS6xwclUls5TBOqTuY3SLuiUom0zl6i2cuM4","timestamp":"2014-04-22 17:06:10 +0000"}
{"woeid":"23424844","the_date":"20140422","sdoid":"2","title":"Aditya Chopra","search_count":">10000","rank":"1","url":"www.independent.co.uk/sport/football/premier-league/chelsea-1-sunderland-2-match-report-jose-mourinho-sees-his-unbeaten-home-record-crumble-as-sunderland-deal-serious-title-blow-9271078.html","image_url":"t2.gstatic.com/images?q=tbn:ANd9GcSDrdXXZSEG3dumRr5GPAZmmSTxbkur09M39lnk7VanArnbZBAzS1mi-11kP63qe5Ut99S-bHiA","timestamp":"2014-04-22 17:06:48 +0000"}
{"woeid":"23424844","the_date":"20140422","sdoid":"2","title":"Canvas Doodle 3","search_count":">2000","rank":"2","url":"www.npr.org/blogs/thetwo-way/2014/04/19/304922315/pakiastani-tv-journalist-hamid-mir-wounded-in-attack","image_url":"t0.gstatic.com/images?q=tbn:ANd9GcQOZf9Uw5zyQsxJtHwltoM9lcRPdGnhrHmbNRN1FbxJlKGY2WQg3AuhsAAFdLjkrBUncj1WAic","timestamp":"2014-04-22 17:06:48 +0000"}
{"woeid":"23424848","the_date":"20140422","sdoid":"2","title":"David Moyes","search_count":">2000","rank":"1","url":"www.tribunnews.com/superball/2014/04/22/prediksi-atletico-madrid-vs-chelsea","image_url":"t2.gstatic.com/images?q=tbn:ANd9GcQjK4B1tJ-0AjL6gqggbyRIkR5azGxTGzQ37q60oCHNTjTmsObEPyT76khKcfW92LU8ihMtE6I","timestamp":"2014-04-22 17:07:26 +0000"}
{"woeid":"23424848","the_date":"20140422","sdoid":"2","title":"Prediksi Atm Vs Chelsea","search_count":">2000","rank":"2","url":"www.solopos.com/2014/04/21/smartphone-terbaru-oppo-ubah-citra-ponsel-china-503701","image_url":"t1.gstatic.com/images?q=tbn:ANd9GcTRI-50kWgL_9tJ_dw0vvSVHm4gXPcks5iSHlKQFMwwGgKmhp4K5SEV2XW8yrBP4xpZm9ott-g","timestamp":"2014-04-22 17:07:26 +0000"}
{"woeid":"23424848","the_date":"20140422","sdoid":"2","title":"Hari Bumi","search_count":">500","rank":"3","url":"www.antaranews.com/berita/430226/perayaan-paskah-di-kupang-khidmat","image_url":"t3.gstatic.com/images?q=tbn:ANd9GcT36A0uuUw78JX0Tbkld0OFLCqa-L-ROMcQbC2AynQlqLx72cp4YHlj7mrGaS-pducPkJGlx6w","timestamp":"2014-04-22 17:07:26 +0000"}
{"woeid":"23424846","the_date":"20140422","sdoid":"2","title":"","search_count":">500","rank":"1","url":"www.local.co.il/haifa/114677/article.htm","image_url":"t1.gstatic.com/images?q=tbn:ANd9GcSfplfYVpqAWnyKJltm3tInPy5vcTfrJeWfpuncThY-Vj9uWWI0lLjRwea8sQHsgcqnbTTMwA","timestamp":"2014-04-22 17:08:04 +0000"}
{"woeid":"23424846","the_date":"20140422","sdoid":"2","title":"","search_count":">200","rank":"2","url":"www.theguardian.com/environment/2014/apr/22/earth-day-japanese-macaques-rufous-hummingbird-google-doodle","image_url":"t0.gstatic.com/images?q=tbn:ANd9GcQ2RuOAQuZxzEFpf13_0z-D7MbFdwmwMXmvfo-dyGePe6g3twWdKNM9MTTsuTkdeJyr3Jiv_Xir","timestamp":"2014-04-22 17:08:04 +0000"}
{"woeid":"23424846","the_date":"20140422","sdoid":"2","title":"","search_count":">200","rank":"3","url":"www.eonline.com/news/534244/what-kate-upton-looks-for-in-a-man","image_url":"t2.gstatic.com/images?q=tbn:ANd9GcSJnb6ZwPZn0IKW2L23KbTYFFzT-wU1zgFBJDP5CGNjWN9j89B2PjdUl_v8e5txT3qn5Zl_nDlz","timestamp":"2014-04-22 17:08:04 +0000"}
{"woeid":"23424846","the_date":"20140422","sdoid":"2","title":"Earth Day","search_count":">100","rank":"4","url":"www.mako.co.il/culture-tv/world-game-of-thrones/Article-f8d819b9f3a7541006.htm","image_url":"t3.gstatic.com/images?q=tbn:ANd9GcRIfFtCzduwcf_NgLuF3eG2ITRBzAfs5hx1gWqyx-GLwedPbJ2roE5Kxh4ZH4we5Lys82zDE80","timestamp":"2014-04-22 17:08:04 +0000"}
{"woeid":"23424846","the_date":"20140422","sdoid":"2","title":"","search_count":">100","rank":"5","url":"www.bostonglobe.com/ideas/2014/04/19/provocative-new-theory-easter/bzerglIENc30gvxKgExDBL/story.html","image_url":"t3.gstatic.com/images?q=tbn:ANd9GcSdtMxKNeqw5A1w4IqQdeZnLNKB6KRuMxmEaN5-FQTkoJUfDJWDLjxLSSR6Z-fMucyxyZXYLw8","timestamp":"2014-04-22 17:08:04 +0000"}
{"woeid":"23424846","the_date":"20140422","sdoid":"2","title":"Kate Upton","search_count":">100","rank":"6","url":"www.haaretz.co.il/news/education/1.2300567","image_url":"t0.gstatic.com/images?q=tbn:ANd9GcRj8vwtBOxydzYuR5v1abct_4FK3B2H1Qso5ylmArFMowwi7e2pHpoNK_652GsO7HUaoT6pXdrI","timestamp":"2014-04-22 17:08:04 +0000"}
{"woeid":"23424852","the_date":"20140422","sdoid":"2","title":"giornata della Terra","search_count":">20000","rank":"1","url":"www.wired.it/scienza/ecologia/2014/04/22/giornata-mondiale-terra/","image_url":"t0.gstatic.com/images?q=tbn:ANd9GcSOZh_iTiwjtvxXGsUd8-sjFhq8rBc4cdnodmB78T629ry7LTHOIuY_ASouHPeW-5gvRGg2i0L5","timestamp":"2014-04-22 17:08:43 +0000"}
{"woeid":"23424852","the_date":"20140422","sdoid":"2","title":"pesce palla","search_count":">10000","rank":"2","url":"www.meteoweb.eu/2014/04/il-pesce-palla-si-difende-dai-grossi-predatori-ingurgitando-acqua-per-gonfiarsi-foto/278056/","image_url":"t0.gstatic.com/images?q=tbn:ANd9GcRnmjZJ8EqLbk6gjx6v5_eLXdVhmSWitFRMwkzbAM8VanKLLmdSDRXTagvW_1uVR4fOvNwj3QvG","timestamp":"2014-04-22 17:08:43 +0000"}
{"woeid":"23424852","the_date":"20140422","sdoid":"2","title":"terremoto","search_count":">2000","rank":"3","url":"www.meteoweb.eu/2014/04/il-camaleonte-velato-un-predatore-paziente-e-solitario/278031/","image_url":"t1.gstatic.com/images?q=tbn:ANd9GcTFSgZHSUJ3yJDHQd8AIqzMbuiSIBx7WOPDbqswy8Bk9TmN7zm78OY8Gnww5YC5Jp6KI2dKvc1U","timestamp":"2014-04-22 17:08:43 +0000"}
{"woeid":"23424852","the_date":"20140422","sdoid":"2","title":"Camaleonte velato","search_count":">2000","rank":"4","url":"www.lastampa.it/2014/04/22/blogs/skuola/test-medicina-boom-di-insufficienze-scivoloni-su-cultura-generale-tqlhOG2RyhUDp4WKq2RkYI/pagina.html","image_url":"t0.gstatic.com/images?q=tbn:ANd9GcStoExi2SmY7eIIGclXuKRuuazWT_TcsDkH9oZlLH5C58KdHjuEKlzs8b2mvLkfktuZwCmso7Tm","timestamp":"2014-04-22 17:08:43 +0000"}
{"woeid":"23424852","the_date":"20140422","sdoid":"2","title":"Test Medicina 2014","search_count":">1000","rank":"5","url":"www.soldiblog.it/post/72473/spesometro-2014-al-via-che-cose-e-come-funziona","image_url":"t3.gstatic.com/images?q=tbn:ANd9GcTY4SKMgtfiEwE1B1oYS8ShMbepsQJ2wO7RUMBjeOqzvuL0jD3ivv1tmoiBaC7lI1LfQHSZ3vui","timestamp":"2014-04-22 17:08:43 +0000"}
{"woeid":"23424852","the_date":"20140422","sdoid":"2","title":"Spesometro 2014","search_count":">500","rank":"6","url":"www.ilgiorno.it/lombardia/cronaca/2014/04/21/1055634-Liberazione-Festa-Lavoratori-Eventi.shtml","image_url":"t2.gstatic.com/images?q=tbn:ANd9GcT0IC0buXjTx5M9asmpMYxl8kDKQUWj0LbaD1eW_tZc6H_3V1nWPOnjsLE-KhujD7aAJ9Hwgc0B","timestamp":"2014-04-22 17:08:43 +0000"}
{"woeid":"23424852","the_date":"20140422","sdoid":"2","title":"25 aprile","search_count":">500","rank":"7","url":"www.ilsussidiario.net/News/Cinema-Televisione-e-Media/2014/4/22/Uomini-e-donne-Trono-Classico-news-e-anticipazioni-Luce-Barucchi-critica-Beatrice-Valli-ma-e-una-nota-stonata-Video-Oggi-22-aprile-2014-/493320/","image_url":"t2.gstatic.com/images?q=tbn:ANd9GcQ8nikWteNtMK_jQqX-KsVAVs-ODL9Hv0gPMsOrSbyiNoIFdQJg19GzmyyL-RCe9MPS7BFZSCP4","timestamp":"2014-04-22 17:08:43 +0000"}
{"woeid":"23424852","the_date":"20140422","sdoid":"2","title":"Beatrice Uomini E Donne","search_count":">500","rank":"8","url":"www.ilfattoquotidiano.it/2014/04/21/programmi-tv-stasera-telefatto-hugo-cabret-grande-fratello-e-il-commissario-rex/958976/","image_url":"t0.gstatic.com/images?q=tbn:ANd9GcS7uq1csf01lVnw05a1Bw0bvLVd2HOpW99zcCCVOb_8InhGJ3y43Wp4Pdb3j5wtprHsE_gy1uOt","timestamp":"2014-04-22 17:08:43 +0000"}
{"woeid":"23424853","the_date":"20140422","sdoid":"2","title":"USJ","search_count":">5000","rank":"1","url":"www.asahi.com/articles/ASG4Q5J9WG4QUTQP01W.html","image_url":"t0.gstatic.com/images?q=tbn:ANd9GcSKd8-665iFRW_WW_JJNGAmeuRjc7ffra8Dz7Q-QsouUpCo2o_jkvDoyHZ_oyrIljAr3usVTAY","timestamp":"2014-04-22 17:09:20 +0000"}
{"woeid":"23424856","the_date":"20140422","sdoid":"2","title":"Earth Day","search_count":">100","rank":"1","url":"www.theguardian.com/environment/2014/apr/22/earth-day-japanese-macaques-rufous-hummingbird-google-doodle","image_url":"t2.gstatic.com/images?q=tbn:ANd9GcSJnb6ZwPZn0IKW2L23KbTYFFzT-wU1zgFBJDP5CGNjWN9j89B2PjdUl_v8e5txT3qn5Zl_nDlz","timestamp":"2014-04-22 17:09:58 +0000"}
{"woeid":"23424856","the_date":"20140422","sdoid":"2","title":"Man City","search_count":">100","rank":"2","url":"www1.skysports.com/football/live/match/287631/report","image_url":"t2.gstatic.com/images?q=tbn:ANd9GcT_fDDqykoxbuh5lk2YptjcUaFikG0XjeAD6shokPCcCSwWVnHpdjS-sFymzhizuogZghP1T_x2","timestamp":"2014-04-22 17:09:58 +0000"}
{"woeid":"23424856","the_date":"20140422","sdoid":"2","title":"Sky Sports","search_count":">100","rank":"3","url":"www1.skysports.com/f1/news/22058/9276890/sky-f1-has-a-week-of-programmes-to-mark-the-20th-anniversary-of-ayrton-sennas-death","image_url":"t2.gstatic.com/images?q=tbn:ANd9GcSJnb6ZwPZn0IKW2L23KbTYFFzT-wU1zgFBJDP5CGNjWN9j89B2PjdUl_v8e5txT3qn5Zl_nDlz","timestamp":"2014-04-22 17:09:58 +0000"}
{"woeid":"23424856","the_date":"20140422","sdoid":"2","title":"Rufous hummingbird","search_count":">100","rank":"4","url":"www.independent.co.uk/life-style/gadgets-and-tech/news/google-doodle-celebrates-earth-day-2014-with-five-cute-creatures-9273607.html","image_url":"t3.gstatic.com/images?q=tbn:ANd9GcTyDQVMlYSDLZt1-38Bhtj_7dN54KgOoqki92K1CTDld3eEwogICSaIrPCZsXQmx7FIi383SIAW","timestamp":"2014-04-22 17:09:58 +0000"}
{"woeid":"23424863","the_date":"20140422","sdoid":"2","title":"Earth Day","search_count":">2000","rank":"1","url":"www.theguardian.com/environment/2014/apr/22/earth-day-japanese-macaques-rufous-hummingbird-google-doodle","image_url":"t2.gstatic.com/images?q=tbn:ANd9GcSJnb6ZwPZn0IKW2L23KbTYFFzT-wU1zgFBJDP5CGNjWN9j89B2PjdUl_v8e5txT3qn5Zl_nDlz","timestamp":"2014-04-22 17:10:37 +0000"}
{"woeid":"23424863","the_date":"20140422","sdoid":"2","title":"Rufous hummingbird","search_count":">2000","rank":"2","url":"www.independent.co.uk/life-style/gadgets-and-tech/news/google-doodle-celebrates-earth-day-2014-with-five-cute-creatures-9273607.html","image_url":"t2.gstatic.com/images?q=tbn:ANd9GcSJnb6ZwPZn0IKW2L23KbTYFFzT-wU1zgFBJDP5CGNjWN9j89B2PjdUl_v8e5txT3qn5Zl_nDlz","timestamp":"2014-04-22 17:10:37 +0000"}
{"woeid":"23424901","the_date":"20140422","sdoid":"2","title":"Medusa luna","search_count":">5000","rank":"1","url":"www.lavozdegalicia.es/noticia/informacion/2014/04/21/dia-tierra-2014-camaleon-velado-colibri-rufo-macaco-japones-escarabajo-pelotero-medusa-luna-pez-globo-tu-favorito/00031398104575723761205.htm","image_url":"t1.gstatic.com/images?q=tbn:ANd9GcTfRY-cHpByVVXVi8eghIXbdjZBM6h-xJrvmkHd26Iwc9qzuB_LqvjGkMTY_w6aS74wD1Yv100","timestamp":"2014-04-22 17:11:14 +0000"}
{"woeid":"23424901","the_date":"20140422","sdoid":"2","title":"Pez globo","search_count":">500","rank":"2","url":"www.europapress.es/madrid/noticia-varias-bibliotecas-comunidad-comenzaran-miercoles-lectura-ininterrumpida-cien-anos-soledad-20140422133327.html","image_url":"t3.gstatic.com/images?q=tbn:ANd9GcTO14Kk38FEz_wJjNZUhmTgOb0J0oG28wAb1PRRwd7j_rT_bp6Z5BfhXnytZGFlQk1ZHFcUelXT","timestamp":"2014-04-22 17:11:14 +0000"}
{"woeid":"23424901","the_date":"20140422","sdoid":"2","title":"Escarabajo pelotero","search_count":">500","rank":"3","url":"www.excelsior.com.mx/funcion/2014/04/20/954911","image_url":"t1.gstatic.com/images?q=tbn:ANd9GcQau4mCxRN32c33TsyB-nfJr09MJi-pvq50yUM0LsdT9gy-_UbcgbL0fmOd2ZgajdMJ7mJ6m98","timestamp":"2014-04-22 17:11:14 +0000"}
{"woeid":"23424901","the_date":"20140422","sdoid":"2","title":"Gabriel Garcia Marquez","search_count":">500","rank":"4","url":"www.dineroenimagen.com/2014-04-20/35958","image_url":"t1.gstatic.com/images?q=tbn:ANd9GcRNxBy897li_c_RARwg2Y99G4miliyJkS4zfxVLaBMvRx-F_l_kKhbgXbZfcOhhhNc8Kyd22DV4","timestamp":"2014-04-22 17:11:14 +0000"}
{"woeid":"23424901","the_date":"20140422","sdoid":"2","title":"ley telecom","search_count":">500","rank":"5","url":"www.europapress.es/chance/gente/noticia-rumor-muerte-fidel-castro-twitter-conmociona-mundo-20140421123712.html","image_url":"t2.gstatic.com/images?q=tbn:ANd9GcSH1j8c16NGvZyKYbgy3_Z0UGKYcTR6Non9SmEQdkQ-QUyJ1oi0O2NPP0NMcxPhY6QfQfIzCQmN","timestamp":"2014-04-22 17:11:14 +0000"}
{"woeid":"23424900","the_date":"20140422","sdoid":"2","title":"Earth Day 2014","search_count":">1000","rank":"1","url":"www.websonic.nl/nieuws/earth-day-2014-logo-van-google-dag-van-de-aarde-54790","image_url":"t1.gstatic.com/images?q=tbn:ANd9GcT6J9d5HDI5R2trA4nBxHmDMrf4EGGf9GdjTK7IjCsmaMc_sksoiuWJOKjwmvsH7HkAsQaEpKA","timestamp":"2014-04-22 17:11:52 +0000"}
{"woeid":"23424900","the_date":"20140422","sdoid":"2","title":"Koningsdag","search_count":">1000","rank":"2","url":"www.volkskrant.nl/vk/nl/9104/Het-weer/article/detail/3639236/2014/04/22/Weerbeeld-op-Koningsdag-kan-twee-kanten-op.dhtml","image_url":"t1.gstatic.com/images?q=tbn:ANd9GcSesuD4B-bPFJDmS67kMhNmFUpn8RGe7RGUmQJxC4AlogyuWPzLQIiMFAWOIUopJFva9r-ftbI","timestamp":"2014-04-22 17:11:52 +0000"}
{"woeid":"23424900","the_date":"20140422","sdoid":"2","title":"Martin Bril","search_count":">500","rank":"3","url":"www.nrc.nl/nieuws/2014/04/22/terugkijken-martin-bril/","image_url":"t2.gstatic.com/images?q=tbn:ANd9GcTjYRYgK-WAGpRsW3LDLF_EnrDestXlhA4OHpHIpzA9HETL85LoGBEy6KAXU5ipzbqi1MtVox0","timestamp":"2014-04-22 17:11:52 +0000"}
{"woeid":"23424900","the_date":"20140422","sdoid":"2","title":"Manchester United","search_count":">500","rank":"4","url":"www.elsevier.nl/Sport/nieuws/2014/4/Manchester-United-ontslaat-trainer-David-Moyes-per-direct-1507069W/","image_url":"t3.gstatic.com/images?q=tbn:ANd9GcQqw1VhNvQu2AXUZzo92yKU042B-intk2ahhG2fjSnwkmN3HSkbaF9je-LNK3FFeN7Khy7nu3E","timestamp":"2014-04-22 17:11:52 +0000"}
{"woeid":"23424908","the_date":"20140422","sdoid":"2","title":"van Gaal","search_count":">200","rank":"1","url":"www.tv2.no/2014/04/22/sport/fotball/premier-league/5525444","image_url":"t0.gstatic.com/images?q=tbn:ANd9GcRHzOHKR4OXxTpGq3cCLndaV4hEcmMzyBjGAD0pQF0rZupoSb6-SpMDD6Q6ATURAc6S_XLxWQ","timestamp":"2014-04-22 17:13:09 +0000"}
{"woeid":"23424908","the_date":"20140422","sdoid":"2","title":"Lene Angelica Nilsen","search_count":">100","rank":"2","url":"www.vg.no/sport/fotball/rosenborg/hevder-nicki-bille-bet-politimann-i-armen/a/10147600/","image_url":"t3.gstatic.com/images?q=tbn:ANd9GcSpDQNFSl1rZ7ir1tJ7ccuoSnMSYlbQnV_B8RUlbuy-cwEBqCJAa-wtiE0phtJMTz-GOCVLq1w","timestamp":"2014-04-22 17:13:09 +0000"}
{"woeid":"23424910","the_date":"20140422","sdoid":"2","title":"Rufous hummingbird","search_count":">2000","rank":"1","url":"www.independent.co.uk/life-style/gadgets-and-tech/news/google-doodle-celebrates-earth-day-2014-with-five-cute-creatures-9273607.html","image_url":"t2.gstatic.com/images?q=tbn:ANd9GcSJnb6ZwPZn0IKW2L23KbTYFFzT-wU1zgFBJDP5CGNjWN9j89B2PjdUl_v8e5txT3qn5Zl_nDlz","timestamp":"2014-04-22 17:13:47 +0000"}
{"woeid":"23424910","the_date":"20140422","sdoid":"2","title":"Kris Aquino","search_count":">2000","rank":"2","url":"www.theguardian.com/environment/2014/apr/22/earth-day-japanese-macaques-rufous-hummingbird-google-doodle","image_url":"t2.gstatic.com/images?q=tbn:ANd9GcSji7OStq4oMNYnqNPCfcGCrBz4-6HDxoJ-JyOVu9YvH1-wSQYd2_K1zUaTn3LCT7phKSnYZJvP","timestamp":"2014-04-22 17:13:47 +0000"}
{"woeid":"23424910","the_date":"20140422","sdoid":"2","title":"Earth Day","search_count":">1000","rank":"3","url":"www.nydailynews.com/sports/basketball/ailing-sager-son-interviews-popovich-article-1.1762939","image_url":"t2.gstatic.com/images?q=tbn:ANd9GcSJnb6ZwPZn0IKW2L23KbTYFFzT-wU1zgFBJDP5CGNjWN9j89B2PjdUl_v8e5txT3qn5Zl_nDlz","timestamp":"2014-04-22 17:13:47 +0000"}
{"woeid":"23424934","the_date":"20140422","sdoid":"2","title":"Rossmann","search_count":">2000","rank":"1","url":"www.wprost.pl/ar/444935/Jak-Beyonce-pomogla-wypromowac-start-up/","image_url":"t1.gstatic.com/images?q=tbn:ANd9GcRehGU6MIr5vQSJZJL1hoCQY-QfHjeD_Sga_FPqsDAqaRS5TWSlvp72EjDBBGO6xxS980oYdM8","timestamp":"2014-04-22 17:14:25 +0000"}
{"woeid":"23424934","the_date":"20140422","sdoid":"2","title":"Manchester United","search_count":">1000","rank":"2","url":null,"image_url":"t3.gstatic.com/images?q=tbn:ANd9GcSQBPtniAqyHfHWw0kDPxEBuDdq4KHnYMIlEVmB06BSYpjc4J7KPv3cHQOlVgk7D-24Qthmu-sy","timestamp":"2014-04-22 17:14:25 +0000"}
{"woeid":"23424934","the_date":"20140422","sdoid":"2","title":"Egzamin Gimnazjalny 2014","search_count":">500","rank":"3","url":null,"image_url":"t3.gstatic.com/images?q=tbn:ANd9GcR5_I-UDAxyyXYD2DW7AnFMlK50UrZcNgAZVFIjC6jssz1_ii0oEEQPYYas2oqg7Lo21CGWMgaS","timestamp":"2014-04-22 17:14:25 +0000"}
{"woeid":"23424923","the_date":"20140422","sdoid":"2","title":"Scarlett Johansson","search_count":">1000","rank":"1","url":"www.ptjornal.com/2014042222497/geral/mundo/feliz-dia-da-terra-desejam-o-beija-flor-o-escaravelho-o-peixe-balao-e-o-camaleao-no-doodle-de-hoje.html","image_url":"t0.gstatic.com/images?q=tbn:ANd9GcRsoyg6YDmXuMn1ugjEbTuQxxmhjib3v_B8Bhqyscyym9Ayc9qnnb0rI3tXWRwctB2BPJ0aH3Gg","timestamp":"2014-04-22 17:15:03 +0000"}
{"woeid":"23424923","the_date":"20140422","sdoid":"2","title":"Peaches Geldof","search_count":">100","rank":"2","url":"www.tvi24.iol.pt/503/internacional/peaches-geldof-funeral-caixao-familia-amigos-tvi24/1551832-4073.html","image_url":"t1.gstatic.com/images?q=tbn:ANd9GcSq51mJrXh4YigrSXd6oCiuNtiEB3yWzeBViWx0vQGzh1Jp6wNeccLhfwRIg3P2x83pGg50pPo","timestamp":"2014-04-22 17:15:03 +0000"}
{"woeid":"23424923","the_date":"20140422","sdoid":"2","title":"Fcporto","search_count":">100","rank":"3","url":"www.publico.pt/cultura/noticia/porto-editora-lanca-chancela-digital-1633098","image_url":"t2.gstatic.com/images?q=tbn:ANd9GcTAhZGA1Wffh2VgpzzUShcuKbfkOcRguYvoDUJAcRK0yk1VL4iaJ4cRdbizOIO638nMO6CVHKM","timestamp":"2014-04-22 17:15:03 +0000"}
{"woeid":"23424925","the_date":"20140422","sdoid":"2","title":"Rufous Hummingbird","search_count":">200","rank":"1","url":"www.usatoday.com/story/news/world/2014/04/22/earth-day-celebration/8000513/","image_url":"t2.gstatic.com/images?q=tbn:ANd9GcSJnb6ZwPZn0IKW2L23KbTYFFzT-wU1zgFBJDP5CGNjWN9j89B2PjdUl_v8e5txT3qn5Zl_nDlz","timestamp":"2014-04-22 17:15:41 +0000"}
{"woeid":"23424925","the_date":"20140422","sdoid":"2","title":"Earth Day","search_count":">100","rank":"2","url":"www.pastemagazine.com/articles/2014/04/small-time.html","image_url":"t2.gstatic.com/images?q=tbn:ANd9GcSJnb6ZwPZn0IKW2L23KbTYFFzT-wU1zgFBJDP5CGNjWN9j89B2PjdUl_v8e5txT3qn5Zl_nDlz","timestamp":"2014-04-22 17:15:41 +0000"}
{"woeid":"23424933","the_date":"20140422","sdoid":"2","title":"Rufous Hummingbird","search_count":">200","rank":"1","url":"www.usatoday.com/story/news/world/2014/04/22/earth-day-celebration/8000513/","image_url":"t2.gstatic.com/images?q=tbn:ANd9GcSJnb6ZwPZn0IKW2L23KbTYFFzT-wU1zgFBJDP5CGNjWN9j89B2PjdUl_v8e5txT3qn5Zl_nDlz","timestamp":"2014-04-22 17:16:19 +0000"}
{"woeid":"23424933","the_date":"20140422","sdoid":"2","title":"Earth Day","search_count":">100","rank":"2","url":"www.pastemagazine.com/articles/2014/04/small-time.html","image_url":"t2.gstatic.com/images?q=tbn:ANd9GcSJnb6ZwPZn0IKW2L23KbTYFFzT-wU1zgFBJDP5CGNjWN9j89B2PjdUl_v8e5txT3qn5Zl_nDlz","timestamp":"2014-04-22 17:16:19 +0000"}
